title,url,abstract,published,source,entities
"Infinix Zero 30 5G with 50MP selfie camera launched at Rs 21,999 - Times of India",https://timesofindia.indiatimes.com/gadgets-news/infinix-zero-30-5g-with-50mp-selfie-camera-launched-at-rs-21999/articleshow/103314820.cms,"Chinese smartphone maker Infinix has launched the Zero 30 5G smartphone, which offers improved camera quality and performance. It features a 50MP fron",2023-09-02T18:01:00.000000,"Source(id='the-times-of-india', name='The Times of India', channel=<Channel.NEWSORG: 'NEWSORG'>)","30 5:CARDINAL, Chinese:NORP, Infinix:PERSON"
Russian Ambassador's Invite To Nobel Prize Ceremony Cancelled After Criticism - NDTV,https://www.ndtv.com/world-news/russian-ambassadors-invite-to-nobel-prize-ceremony-cancelled-after-criticism-4352086,"The Nobel Foundation said Saturday it was reversing its decision to invite ambassadors from Russia and Belarus to this year's Nobel award ceremony in Stockholm, after the move sparked anger.",2023-09-02T17:49:00.000000,"Source(id=None, name='NDTV News', channel=<Channel.NEWSORG: 'NEWSORG'>)","Russian:NORP, Invite:GPE, To Nobel Prize Ceremony Cancelled After Criticism - NDTV:WORK_OF_ART, The Nobel Foundation:ORG, Saturday:DATE, Russia:GPE, Belarus:GPE, year:DATE, Nobel:WORK_OF_ART, Stockholm:GPE"
Alarm bells as vector-borne illnesses on the rise in Pune - Hindustan Times,https://www.hindustantimes.com/cities/pune-news/rain-and-humidity-fuel-increase-in-vector-borne-diseases-in-pune-maharashtra-101693676891871.html,"Heavy rain and high humidity in Pune, India, have created ideal conditions for the spread of vector-borne diseases. The city has reported 47 cases of dengue and seven cases of chikungunya in August, surpassing the total number of cases reported in the previou…",2023-09-02T17:48:11.000000,"Source(id=None, name='Hindustan Times', channel=<Channel.NEWSORG: 'NEWSORG'>)","Pune - Hindustan Times:ORG, Pune, India:GPE, 47:CARDINAL, seven:CARDINAL, August:DATE"
Intact 1881 'Trinidad' shipwreck found in Wisconsin waters by historians - The Washington Post - The Washington Post,https://www.washingtonpost.com/nation/2023/09/02/trinidad-schooner-shipwreck-maritime/,Maritime historians in Wisconsin have discovered the 156-year-old Trinidad schooner near Algoma. The grain-carrying vessel sank in Lake Michigan in 1881.,2023-09-02T17:14:00.000000,"Source(id='the-washington-post', name='The Washington Post', channel=<Channel.NEWSORG: 'NEWSORG'>)","1881:DATE, Trinidad:ORG, Wisconsin:GPE, The Washington Post - The Washington Post:ORG, Wisconsin:GPE, 156-year-old:DATE, Trinidad:ORG, Algoma:GPE, Lake Michigan:LOC, 1881:DATE"
"Writers Strike Hits Four-Month Mark as Resolve on Both Sides Hardens, Complicating the Return to Negotiations - Variety",https://variety.com/2023/biz/news/writers-strike-wga-four-months-amptp-1235711029/,"The writers strike reached the four-month mark on Saturday, and as Hot Labor Summer moves to autumn, there is still no sign that it will be over any time soon. The Writers Guild of America and the …",2023-09-02T17:14:00.000000,"Source(id=None, name='Variety', channel=<Channel.NEWSORG: 'NEWSORG'>)","Four-Month:DATE, Resolve:PERSON, Negotiations - Variety:ORG, four-month:DATE, Saturday:DATE, Hot Labor Summer:ORG, The Writers Guild of America:ORG"
New Covid Variant 'Pirola' Sparks Alarm In Many Countries. Here's All You Need To Know - NDTV,https://www.ndtv.com/science/new-covid-variant-pirola-sparks-alarm-in-many-countries-heres-all-you-need-to-know-4354390,"Amidst a resurgence of COVID-19 cases in the United States, United Kingdom and China, a new variant dubbed ""Pirola"" has experts worried.",2023-09-02T17:06:51.000000,"Source(id=None, name='NDTV News', channel=<Channel.NEWSORG: 'NEWSORG'>)","COVID-19:ORG, the United States:GPE, United Kingdom:GPE, China:GPE"
"Kareena Kapoor 'was asked to leave' Kaho Naa Pyaar Hai, claims Ameesha Patel - Hindustan Times",https://www.hindustantimes.com/entertainment/bollywood/kareena-kapoor-was-asked-to-leave-kaho-naa-pyaar-hai-claims-ameesha-patel-101693672092035.html,Ameesha Patel recalls what Rakesh Roshan told her about Kareena Kapoor not being a part of Kaho Naa Pyaar Hai. It was Ameesha's debut film with Hrithik Roshan. | Bollywood,2023-09-02T17:06:13.000000,"Source(id=None, name='Hindustan Times', channel=<Channel.NEWSORG: 'NEWSORG'>)","Kareena Kapoor ':PERSON, Ameesha Patel - Hindustan Times:PERSON, Ameesha Patel:PERSON, Rakesh Roshan:PERSON, Kareena Kapoor:PERSON, Kaho Naa Pyaar Hai:PERSON, Ameesha:GPE, Hrithik Roshan:PERSON, Bollywood:PERSON"
Rahul Gandhi asks Lalu Prasad Yadav 'What's The Difference Between Cooking And Politics?' - Times of India,https://timesofindia.indiatimes.com/videos/news/rahul-gandhi-asks-lalu-prasad-yadav-whats-the-difference-between-cooking-and-politics/videoshow/103314226.cms,"Congress leader Rahul Gandhi posted a video on his social media profiles featuring Lalu Prasad Yadav. The video depicted the two leaders cooking together while discussing politics. In the shared video, Gandhi learned how to prepare meat dishes from t",2023-09-02T16:54:03.000000,"Source(id='the-times-of-india', name='The Times of India', channel=<Channel.NEWSORG: 'NEWSORG'>)","Rahul Gandhi:PERSON, Lalu Prasad Yadav ':ORG, Congress:ORG, Rahul Gandhi:PERSON, Lalu Prasad Yadav:ORG, two:CARDINAL, Gandhi:PERSON"
Apple iPhone 15 Release Date: New Event Page Goes Live With Cool Animation - Forbes,https://www.forbes.com/sites/davidphelan/2023/09/02/apple-iphone-15-release-date-new-event-page-goes-live-with-cool-animation-iphone-15-pro-max/,"As we get closer to the iPhone 15 next special event, Apple launches a page with details of timing and how to watch.",2023-09-02T16:52:05.000000,"Source(id=None, name='Forbes', channel=<Channel.NEWSORG: 'NEWSORG'>)","Apple iPhone:ORG, 15:CARDINAL, Apple:ORG"
Asia Cup: Pakistan advance to Super 4s as rain washes out see-saw contest against India - IndiaTimes,https://timesofindia.indiatimes.com/sports/cricket/asia-cup/asia-cup-pakistan-advance-to-super-4s-as-rain-washes-out-see-saw-contest-against-india/articleshow/103314180.cms,Cricket News: Rain played spoilsport in what could have turned out to be a cracking contest as India-Pakistan Asia Cup Group A game was called off in Pallekele on S,2023-09-02T16:50:00.000000,"Source(id='the-times-of-india', name='The Times of India', channel=<Channel.NEWSORG: 'NEWSORG'>)","Asia Cup:EVENT, Pakistan:GPE, Super 4s:ORG, India - IndiaTimes:ORG, India:GPE, Asia Cup Group:EVENT, Pallekele:GPE"
"Chandrayaan-3 Update: ISRO says Pragyan rover put into ‘sleep mode’, may wake up on 22 September | Mint - Mint",https://www.livemint.com/science/news/chandrayaan3-update-isro-says-pragyan-rover-put-into-sleep-mode-may-wake-up-on-22-september-11693672750131.html,"The Rover completed its assignments. It is now safely parked and set into Sleep mode. APXS and LIBS payloads are turned off, said ISRO",2023-09-02T16:49:43.000000,"Source(id=None, name='Livemint', channel=<Channel.NEWSORG: 'NEWSORG'>)","Update:ORG, Pragyan:NORP, 22 September:DATE, Mint - Mint:ORG, Rover:ORG, APXS:ORG, LIBS:ORG"
Former New Mexico Gov. Bill Richardson dies at 75 - CNN,https://www.cnn.com/2023/09/02/politics/bill-richardson-former-new-mexico-governor/index.html,"Former New Mexico Gov. Bill Richardson, a longtime fixture of Democratic politics with turns as Energy Secretary and United Nations ambassador under the Clinton administration, died on Friday, the Richardson Center for Global Engagement said in a statement. H…",2023-09-02T16:37:00.000000,"Source(id='cnn', name='CNN', channel=<Channel.NEWSORG: 'NEWSORG'>)","New Mexico:GPE, Bill Richardson:PERSON, 75:CARDINAL, New Mexico:GPE, Bill Richardson:PERSON, Democratic:NORP, Energy:ORG, United Nations:ORG, Clinton:PERSON, Friday:DATE, the Richardson Center for Global Engagement:ORG"
"Prem Chopra, Sanjay Dutt, Dharmendra, Johny Lever: Celebs celebrate the success of Gadar 2 with the Deol - IndiaTimes",https://timesofindia.indiatimes.com/entertainment/hindi/bollywood/news/prem-chopra-sanjay-dutt-dharmendra-johny-lever-celebs-celebrate-the-success-of-gadar-2-with-the-deol-family/articleshow/103313916.cms,"The Deol family, Sunny Deol, Bobby Deol, Karan Deol and Rajveer Deol, on Saturday has invited their industry friends Prem Chopra, Sanjay Dutt, Dharmen",2023-09-02T16:26:00.000000,"Source(id='the-times-of-india', name='The Times of India', channel=<Channel.NEWSORG: 'NEWSORG'>)","Prem Chopra:ORG, Sanjay Dutt:PERSON, Dharmendra:PERSON, Johny Lever:PERSON, Gadar 2:PRODUCT, the Deol - IndiaTimes:ORG, Deol:PERSON, Sunny Deol:PERSON, Bobby Deol:PERSON, Karan Deol:PERSON, Saturday:DATE, Prem Chopra:PERSON, Sanjay Dutt:PERSON"
How To Stop Running Out Of Ammo In ‘Starfield’ - Forbes,https://www.forbes.com/sites/paultassi/2023/09/02/how-to-stop-running-out-of-ammo-in-starfield/,Always running out of ammo in Starfield? This is probably why.,2023-09-02T16:08:44.000000,"Source(id=None, name='Forbes', channel=<Channel.NEWSORG: 'NEWSORG'>)","Starfield:PERSON, Starfield:PERSON"
"Nobel Foundation will not invite Russia, Belarus to Stockholm ceremony - The Washington Post",https://www.washingtonpost.com/world/2023/09/02/nobel-ceremony-russia-belarus-invite-criticism/,"The Nobel Foundation said it would no longer invite Belarus and Russia’s ambassadors to the Stockholm awards ceremony, after objections from Ukraine and Sweden.",2023-09-02T16:07:00.000000,"Source(id='the-washington-post', name='The Washington Post', channel=<Channel.NEWSORG: 'NEWSORG'>)","Nobel Foundation:ORG, Russia:GPE, Belarus:GPE, Stockholm:GPE, The Washington Post:ORG, The Nobel Foundation:ORG, Belarus:GPE, Russia:GPE, Stockholm:GPE, Ukraine:GPE, Sweden:GPE"
'The Equalizer 3' Domestic Box Office Debut Exceeds Expectations - Collider,https://collider.com/the-equalizer-3-domestic-box-office-13-million/,"Antoine Fuqua's The Equalizer 3, starring Denzel Washington, is poised to top the domestic box office in its first week of release.",2023-09-02T15:49:00.000000,"Source(id=None, name='Collider.com', channel=<Channel.NEWSORG: 'NEWSORG'>)","The Equalizer 3' Domestic Box Office Debut Exceeds Expectations - Collider:WORK_OF_ART, Antoine Fuqua's:PERSON, The Equalizer 3:PRODUCT, Denzel Washington:ORG, its first week:DATE"
"Ahead of big sports weekend, dispute with Disney leaves millions of cable subscribers in the dark - WLWT Cincinnati",https://www.wlwt.com/article/sports-dispute-disney-millions-cable-subscribers-dark-ohio/44980715,"Ahead of big sports weekend, dispute with Disney leaves millions of cable subscribers in the dark",2023-09-02T15:46:00.000000,"Source(id=None, name='WLWT Cincinnati', channel=<Channel.NEWSORG: 'NEWSORG'>)","Disney:ORG, millions:CARDINAL, Cincinnati:GPE, Disney:ORG, millions:CARDINAL"
"Xiamen Diamond League 2023: Praveen Chithravel, Abdulla Aboobacker finish fifth, sixth in men's triple jump - Khel Now",https://khelnow.com/athletics/2023-09-xiamen-diamond-league-2023-praveen-chithravel-abdulla-aboobacker-report,India's Praveen Chithravel and Abdulla Aboobacker finished fifth and sixth respectively in the men's triple jump in the Xiamen Diamond League 2023.,2023-09-02T15:36:36.000000,"Source(id=None, name='Khelnow.com', channel=<Channel.NEWSORG: 'NEWSORG'>)","Xiamen Diamond League 2023::ORG, Praveen Chithravel:ORG, fifth:ORDINAL, sixth:ORDINAL, jump - Khel:PERSON, India:GPE, Praveen Chithravel:ORG, Abdulla Aboobacker:PRODUCT, fifth:ORDINAL, sixth:ORDINAL, the Xiamen Diamond League 2023:ORG"
[Removed],https://removed.com,[Removed],1970-01-01T00:00:00.000000,"Source(id=None, name='[Removed]', channel=<Channel.NEWSORG: 'NEWSORG'>)",""
Chester County Prison escape: Danelo Cavalcante sighted 1.5 miles away - CBS News,https://www.cbsnews.com/philadelphia/news/chester-county-prison-escape-pennsylvania-danelo-cavalcante-sighting-pocopson-township/,Surveillance video from a home near Chester County Prison showed Cavalcante was still in the area Saturday morning.,2023-09-02T15:32:00.000000,"Source(id='cbs-news', name='CBS News', channel=<Channel.NEWSORG: 'NEWSORG'>)","Chester County Prison:PERSON, Danelo Cavalcante:PERSON, 1.5 miles:QUANTITY, CBS News:ORG, Chester County Prison:GPE, Cavalcante:PERSON, Saturday:DATE, morning:TIME"
Watch again: SpaceX launches satellites for US Space Development Agency - The Independent,https://www.youtube.com/watch?v=d_cLkdZe5PU,"SpaceX launched satellites for the US Space Development Agency today (2 September), following a two-day delay.A Falcon 9 rocket carrying 13 military satellit...",2023-09-02T15:31:00.000000,"Source(id=None, name='YouTube', channel=<Channel.NEWSORG: 'NEWSORG'>)","US Space Development Agency:ORG, the US Space Development Agency:ORG, today:DATE, 2 September:DATE, two-day:DATE, Falcon:ORG, 9:CARDINAL, 13:CARDINAL"
India launches Aditya-L1 sun space mission from Sriharikota - The Washington Post,https://www.washingtonpost.com/world/2023/09/02/india-sun-space-mission-adityal1-sriharikota/,"India launched Aditya-L1, its first space mission to study the sun, from Sriharikota. The spacecraft will travel to Lagrange point 1 between the sun and Earth.",2023-09-02T15:29:00.000000,"Source(id='the-washington-post', name='The Washington Post', channel=<Channel.NEWSORG: 'NEWSORG'>)","India:GPE, Sriharikota - The Washington Post:ORG, India:GPE, Aditya-L1:FAC, first:ORDINAL, Sriharikota:PERSON, Lagrange:GPE, 1:CARDINAL, Earth:LOC"
Dr. Fauci responds to study that says masks didn't work - CNN,https://www.cnn.com/videos/us/2023/09/02/anthony-fauci-masks-donald-trump-smerconish-vpx.cnn,Former National Institute of Allergy and Infectious Disease Director Dr. Anthony Fauci discusses mask use with CNN’s Michael Smerconish as Covid-19 cases rise in 2023.,2023-09-02T15:05:40.000000,"Source(id='cnn', name='CNN', channel=<Channel.NEWSORG: 'NEWSORG'>)","Fauci:PERSON, CNN:ORG, National Institute of Allergy and Infectious Disease:ORG, Anthony Fauci:PERSON, CNN:ORG, Michael Smerconish:PERSON, Covid-19:ORG, 2023:DATE"
"Starfield: the Creation Engine evolves to deliver massive ambition, scale and scope - Eurogamer.net",https://www.eurogamer.net/digitalfoundry-2023-starfield-the-digital-foundry-tech-review,The Digital Foundry verdict on Bethesda's massively anticipated sci-fi RPG.,2023-09-02T15:04:05.000000,"Source(id=None, name='Eurogamer.net', channel=<Channel.NEWSORG: 'NEWSORG'>)","Starfield:PERSON, Creation Engine:PERSON, Digital Foundry:ORG, Bethesda:GPE, sci-fi:ORG, RPG:ORG"
Former Harrods boss Mohamed Al Fayed dies aged 94 - BBC News - BBC News,https://www.youtube.com/watch?v=uIYgMw7tKTU,"Mohamed Al Fayed, the former Harrods boss whose son Dodi was killed in a car crash alongside Diana, Princess of Wales, has died aged 94.Born in Egypt, he bui...",2023-09-02T15:00:40.000000,"Source(id=None, name='YouTube', channel=<Channel.NEWSORG: 'NEWSORG'>)","Mohamed Al Fayed:PERSON, 94:CARDINAL, BBC News - BBC News:ORG, Mohamed Al Fayed:PERSON, Harrods:ORG, Dodi:PERSON, Diana:PERSON, Wales:GPE, Egypt:GPE, bui:ORG"
"Balasore train crash: CBI files chargesheet, 3 railway officials accused of destroying evidence | Mint - Mint",https://www.livemint.com/news/balasore-train-accident-cbi-files-charge-sheet-against-3-railway-officials-for-destroying-evidence-11693666224983.html,The central probing agency filed a charge sheet against three arrested Railways officials for alleged culpable homicide not amounting to murder and destruction of evidence.,2023-09-02T14:56:18.000000,"Source(id=None, name='Livemint', channel=<Channel.NEWSORG: 'NEWSORG'>)","Balasore:ORG, CBI:ORG, 3:CARDINAL, Mint - Mint:ORG, three:CARDINAL, Railways:ORG"
"Will 'One Nation, One Poll' Law Tweaks Need States' Approval? See Details - NDTV",https://www.ndtv.com/india-news/will-one-nation-one-poll-law-tweaks-need-states-approval-see-details-4352724,"The newly formed committee to see whether India could hold parliamentary and state assembly elections simultaneously will examine and recommend specific amendments to the Constitution, the Representation of the People Act and any other rules.",2023-09-02T14:55:00.000000,"Source(id=None, name='NDTV News', channel=<Channel.NEWSORG: 'NEWSORG'>)","One:CARDINAL, India:GPE, Constitution:LAW"
[Removed],https://removed.com,[Removed],1970-01-01T00:00:00.000000,"Source(id=None, name='[Removed]', channel=<Channel.NEWSORG: 'NEWSORG'>)",""
[Removed],https://removed.com,[Removed],1970-01-01T00:00:00.000000,"Source(id=None, name='[Removed]', channel=<Channel.NEWSORG: 'NEWSORG'>)",""
"""As Delhi PWD Minister, I Was Never Called For Any G20 Meetings"": Atishi - NDTV",https://www.ndtv.com/delhi-news/as-delhi-pwd-minister-i-was-never-called-for-any-g20-meetings-atishi-4352820,"Delhi PWD minister Atishi Saturday dismissed Lt Governor VK Saxena's allegation that AAP ministers attended just one G20 preparatory meet, and said ""had he involved us in preparations, we would have done better"".",2023-09-02T14:11:00.000000,"Source(id=None, name='NDTV News', channel=<Channel.NEWSORG: 'NEWSORG'>)","Delhi PWD:PERSON, Atishi - NDTV:PERSON, Delhi PWD:PERSON, Atishi:PERSON, Saturday:DATE, VK Saxena:PERSON, one:CARDINAL, G20:ORG"
Watch SpaceX's Crew-6 Dragon depart ISS with 4 astronauts aboard on Sept. 3 after delay - Space.com,https://www.space.com/spacex-crew-6-astronauts-depart-iss-webcast,Crew-6 is scheduled to undock from the International Space Station on Sunday (Sept. 3) around 7:05 a.m. ET.,2023-09-02T14:04:47.000000,"Source(id=None, name='Space.com', channel=<Channel.NEWSORG: 'NEWSORG'>)","Crew-6:PRODUCT, 4:CARDINAL, Sept. 3:DATE, Space.com:ORG, Crew-6:PRODUCT, the International Space Station:ORG, Sunday (Sept. 3:DATE, around 7:05 a.m.:TIME, ET:PERSON"
Shahid Kapoor loses his cool at the paparazzi after attending Ruhaan Kapoor and Manukriti Pahwa's wedding - IndiaTimes,https://timesofindia.indiatimes.com/entertainment/hindi/bollywood/news/shahid-kapoor-loses-his-cool-at-the-paparazzi-after-attending-ruhaan-kapoor-and-manukriti-pahwas-wedding-reception-pagalon-ki-tarah-kyu-chilla-rahe-ho/articleshow/103312252.cms,Shahid Kapoor didn't appreciate the paparazzi's behaviour while he was waiting outside the venue with his wife Mira Rajput and mother-in-law Bela Rajp,2023-09-02T14:04:00.000000,"Source(id='the-times-of-india', name='The Times of India', channel=<Channel.NEWSORG: 'NEWSORG'>)","Shahid Kapoor:PERSON, Ruhaan Kapoor:PERSON, Manukriti Pahwa's:GPE, Shahid Kapoor:PERSON, Mira Rajput:PERSON, Bela Rajp:PERSON"
"Starfield's combat is Bethesda's best, because we finally said goodbye to VATS - Gamesradar",https://www.gamesradar.com/starfields-combat-is-bethesdas-best-because-we-finally-said-goodbye-to-vats/,Opinion | Starfield with VATS would have ruined its combat – I'm so pleased it's been left in the wasteland,2023-09-02T14:00:21.000000,"Source(id=None, name='GamesRadar+', channel=<Channel.NEWSORG: 'NEWSORG'>)","Starfield:PERSON, Bethesda:GPE, VATS - Gamesradar:ORG, Starfield:PERSON, VATS:ORG"
Here's why stocks may surprise to the upside in September - Yahoo Finance,https://finance.yahoo.com/news/heres-why-stocks-may-surprise-to-the-upside-in-september-140009459.html,"While September is typically the worst month for stocks, there's reason to believe it might not be as bad as history predicts.",2023-09-02T14:00:09.000000,"Source(id=None, name='Yahoo Entertainment', channel=<Channel.NEWSORG: 'NEWSORG'>)","September:DATE, September:DATE, the worst month:DATE"
"Cong MP Rahul Gandhi's Jibe At PM, Says Adani Inquiry Could Have Consequences For Others - The Indian Express",https://www.youtube.com/watch?v=V2J3Zey0rVA,"In Raipur, Congress MP Rahul Gandhi stated, ""India's Prime Minister cannot initiate an inquiry into Adani because such an investigation might not impact Adan...",2023-09-02T13:57:09.000000,"Source(id=None, name='YouTube', channel=<Channel.NEWSORG: 'NEWSORG'>)","Rahul Gandhi's:PERSON, Jibe At PM:PERSON, Adani Inquiry Could:PERSON, Raipur:PERSON, Congress:ORG, Rahul Gandhi:PERSON, India:GPE, Adani:PERSON, Adan...:PERSON"
SpaceX delays launch of 13 satellites for US Space Force today. Here's how to watch online for free. - Space.com,https://www.space.com/spacex-launch-space-force-second-tranche-0-mission,"SpaceX is now targeting Saturday, Sept. 2, to launch its Tranche 0 Space Force mission. Liftoff is expected at 10:25 a.m. ET.",2023-09-02T13:54:26.000000,"Source(id=None, name='Space.com', channel=<Channel.NEWSORG: 'NEWSORG'>)","13:CARDINAL, US Space Force:WORK_OF_ART, today:DATE, Space.com:ORG, Saturday, Sept. 2:DATE, Tranche 0 Space Force:ORG, 10:25 a.m. ET:TIME"
"Colorado vs. TCU odds, line: 2023 college football picks, Week 1 Deion Sanders predictions from proven model - CBS Sports",https://www.cbssports.com/college-football/news/colorado-vs-tcu-odds-line-2023-college-football-picks-week-1-deion-sanders-predictions-from-proven-model/,"SportsLine's model just revealed its CFB picks, predictions and best bets for TCU Horned Frogs vs. Colorado Buffalos as coach Deion Sanders makes his debut",2023-09-02T13:50:16.000000,"Source(id=None, name='CBS Sports', channel=<Channel.NEWSORG: 'NEWSORG'>)","Colorado:GPE, TCU:ORG, 2023:CARDINAL, Week 1 Deion Sanders:DATE, CBS Sports:ORG, SportsLine:ORG, Horned Frogs:PERSON, Colorado Buffalos:PERSON, Deion Sanders:PERSON"
NASA's Ingenuity helicopter flies on Mars for the 56th time - Space.com,https://www.space.com/ingenuity-mars-helicopter-flight-56,"Ingenuity covered 1,344 feet (410 meters) of ground on the Aug. 26 flight.",2023-09-02T13:42:11.000000,"Source(id=None, name='Space.com', channel=<Channel.NEWSORG: 'NEWSORG'>)","NASA:ORG, Ingenuity:ORG, Mars:LOC, 56th:ORDINAL, Space.com:ORG, 1,344 feet:QUANTITY, 410 meters:QUANTITY, Aug. 26:DATE"
【ライブ】『ビッグモーターに関するニュース』「ビッグモーター」新たなノルマ 1店舗“500万円上積み”も…現役社員「仕事全然ない状態」 など――ニュースまとめライブ（日テレNEWS LIVE） - 日テレNEWS,https://www.youtube.com/watch?v=5gYuPQsSwTQ,"Enjoy the videos and music you love, upload original content, and share it all with friends, family, and the world on YouTube.",2023-09-02T13:22:48.000000,"Source(id=None, name='YouTube', channel=<Channel.NEWSORG: 'NEWSORG'>)","1店舗“500万円上積み”も:DATE, 現役社員「仕事全然ない状態:ORG, YouTube:ORG"
"Saturday Citations: Ancient corvids, tetraquarks, and researchers who aren't bored hearing about your dreams - Phys.org",https://phys.org/news/2023-09-saturday-citations-ancient-corvids-tetraquarks.html,"This week, researchers reported on two-dimensional gold sheets, a tidy little meson made of four quarks (and its buddy!) and a big and almost unimaginably dense exoplanet with an exciting backstory.",2023-09-02T13:20:01.000000,"Source(id=None, name='Phys.Org', channel=<Channel.NEWSORG: 'NEWSORG'>)","This week:DATE, two:CARDINAL, four:CARDINAL"
"COVID-19 hospitalizations, deaths surge - CBS News",https://www.youtube.com/watch?v=kCN2apDfq98,"A late-summer surge in COVID-19 cases has health officials worried. A highly contagious variant may be to blame. Hospitalizations have risen 19%, while death...",2023-09-02T13:15:14.000000,"Source(id=None, name='YouTube', channel=<Channel.NEWSORG: 'NEWSORG'>)","COVID-19:ORG, CBS News:ORG, COVID-19:ORG, 19%:PERCENT"
[Removed],https://removed.com,[Removed],1970-01-01T00:00:00.000000,"Source(id=None, name='[Removed]', channel=<Channel.NEWSORG: 'NEWSORG'>)",""
OnePlus Ace 2 Pro and Redmi Note 12 Turbo leave behind it’s competitors in AnTuTu performance ranking of August 2023 - The Tech Outlook,https://www.thetechoutlook.com/news/new-release/gadgets-release/mobile/oneplus-ace-2-pro-and-redmi-note-12-turbo-leave-behind-its-competitors-in-antutu-performance-ranking-of-august-2023/,"The well-known benchmark AnTuTu is widely used by manufacturers and many reviewers to rate the performance of different smartphones in the mobile industry in order to rate the speed of CPU, GPU, and RAM of the devices. Every month the platform publis",2023-09-02T13:07:21.000000,"Source(id=None, name='Thetechoutlook.com', channel=<Channel.NEWSORG: 'NEWSORG'>)","OnePlus Ace 2 Pro:PERSON, Redmi Note:PRODUCT, 12:CARDINAL, Turbo:GPE, August 2023:DATE, CPU:ORG, GPU:ORG, RAM:ORG, Every month:DATE"
[Removed],https://removed.com,[Removed],1970-01-01T00:00:00.000000,"Source(id=None, name='[Removed]', channel=<Channel.NEWSORG: 'NEWSORG'>)",""
"Biden will tour hurricane damage, but will not be seeing Ron DeSantis - USA TODAY",https://www.usatoday.com/story/news/politics/2023/09/02/biden-will-tour-hurricane-damage-but-will-not-be-seeing-ron-desantis/70749696007/,President Biden will be in Florida Saturday to see damage from Hurricane Idalia. But he won't be meeting with GOP presidential contender Ron DeSantis.,2023-09-02T12:53:04.000000,"Source(id='usa-today', name='USA Today', channel=<Channel.NEWSORG: 'NEWSORG'>)","Biden:PERSON, Ron DeSantis - USA:PERSON, Biden:PERSON, Florida:GPE, Saturday:DATE, Hurricane Idalia:EVENT, GOP:ORG, Ron DeSantis:PERSON"
Will Rishi Sunak prove to be more than a good loser? - BBC,https://www.bbc.com/news/uk-politics-66695170,"The PM steadied the Tory ship, but the coming months will see if he keeps it afloat, writes Laura Kuenssberg.",2023-09-02T12:44:36.000000,"Source(id=None, name='BBC News', channel=<Channel.NEWSORG: 'NEWSORG'>)","Will Rishi:PERSON, BBC:ORG, Tory:NORP, the coming months:DATE, Laura Kuenssberg:PERSON"
"Indian-American Presidential Candidate Calls Differences With Trump ""Very Small"": Report - NDTV",https://www.ndtv.com/world-news/indian-american-presidential-candidate-vivek-ramaswamy-calls-differences-with-trump-very-small-report-4352154,"Indian-American Vivek Ramaswamy has acknowledged that there were some ""very small"" differences between him and former US president Donald Trump but they were ""deeply aligned"" on policy issues.",2023-09-02T12:36:00.000000,"Source(id=None, name='NDTV News', channel=<Channel.NEWSORG: 'NEWSORG'>)","Indian-American Presidential Candidate Calls Differences:ORG, Indian-American:NORP, US:GPE, Donald Trump:PERSON"
Fashion meets Tech: a new foldable smartphone doubles as a purse | International - Times of India Videos - Times of India,https://timesofindia.indiatimes.com/videos/international/fashion-meets-tech-a-new-foldable-smartphone-doubles-as-a-purse/videoshow/103310943.cms,"Fashion has fused with tech in a new phone that can be worn like a handbag.It’s the latest concept design by Chinese manufacturer Honor.This is the Honor V Purse, a mobile phone that folds up into a small clutch-style purse.Unlike other foldable phon",2023-09-02T12:35:37.000000,"Source(id='the-times-of-india', name='The Times of India', channel=<Channel.NEWSORG: 'NEWSORG'>)","International - Times of India Videos - Times of India:ORG, Chinese:NORP"
"‘Will have govt of poor, not of Adani’: Rahul Gandhi vows from poll-bound state - Hindustan Times",https://www.hindustantimes.com/india-news/government-of-poor-not-adani-rahul-gandhi-in-chhattisgarh-congress-rally-assembly-election-101693655530497.html,Rahul Gandhi attacked the Centre over issue related to alleged stock manipulation by Adani Group. He alleged PM Modi of working for '2-3 billionaires’ in India. | Latest News India,2023-09-02T12:35:12.000000,"Source(id=None, name='Hindustan Times', channel=<Channel.NEWSORG: 'NEWSORG'>)","Adani:ORG, Rahul Gandhi:PERSON, Rahul Gandhi:PERSON, Centre:ORG, Adani Group:ORG, PM Modi:FAC, 2-3:CARDINAL, India:GPE, Latest News:ORG, India:GPE"
Poor Baby: Another Black Woman Prosecutor Has Trump Throwing Online Tantrums - Yahoo News,https://news.yahoo.com/poor-baby-another-black-woman-123000253.html,"Following allegations by New York Attorney General Letitia James that Donald Trump inflated his net worth by $2.2 billion dollars, the former president took ...",2023-09-02T12:30:00.000000,"Source(id=None, name='Yahoo Entertainment', channel=<Channel.NEWSORG: 'NEWSORG'>)","New York:GPE, Letitia James:PERSON, Donald Trump:PERSON, $2.2 billion dollars:MONEY"
DeSantis is trying to shape the GOP presidential primary with internal polling - POLITICO - POLITICO,https://www.politico.com/news/2023/09/02/desantis-gop-primary-internal-polling-00113716,The DeSantis campaign is trying to shape the race with its own data.,2023-09-02T12:18:07.000000,"Source(id='politico', name='Politico', channel=<Channel.NEWSORG: 'NEWSORG'>)","GOP:ORG, DeSantis:PRODUCT"
"Why auto worker strikes against GM, Ford and Stellantis seem inevitable - CNBC",https://www.cnbc.com/2023/09/02/uaw-strikes-at-gm-ford-stellantis-seem-inevitable.html,"Prolonged strikes against GM, Ford and Stellantis would be unprecedented and quickly impact the automotive supply chain, U.S. economy and domestic production.",2023-09-02T12:00:01.000000,"Source(id=None, name='CNBC', channel=<Channel.NEWSORG: 'NEWSORG'>)","GM:ORG, Ford:ORG, Stellantis:ORG, GM:ORG, Ford:ORG, Stellantis:ORG, U.S.:GPE"
Novak Djokovic fights back from two sets down to win an epic match - CNN,https://www.cnn.com/2023/09/02/sport/novak-djokovic-us-open-laslo-djere-spt-intl/index.html,"Novak Djokovic survived a scare in the third round of the US Open, fighting back to win a five-set match 4-6 4-6 6-1 6-1 6-3 against fellow Serb Laslo Djere.",2023-09-02T11:45:00.000000,"Source(id='cnn', name='CNN', channel=<Channel.NEWSORG: 'NEWSORG'>)","Novak:ORG, two:CARDINAL, CNN:ORG, Novak Djokovic:PERSON, third:ORDINAL, the US Open:EVENT, five:CARDINAL, 4:CARDINAL, Serb Laslo Djere:ORG"
'Yellowstone': Kevin Costner speaks about 'disappointing' series exit - USA TODAY,https://www.usatoday.com/story/entertainment/tv/2023/09/02/yellowstone-kevin-costner-speaks-exit/70749108007/,"During a court hearing stemming from his divorce, Kevin Costner spoke out for the first time about his disappointment over leaving ""Yellowstone.""",2023-09-02T11:33:38.000000,"Source(id='usa-today', name='USA Today', channel=<Channel.NEWSORG: 'NEWSORG'>)","Yellowstone:GPE, Kevin Costner:PERSON, exit - USA TODAY:ORG, Kevin Costner:PERSON, first:ORDINAL"
[Removed],https://removed.com,[Removed],1970-01-01T00:00:00.000000,"Source(id=None, name='[Removed]', channel=<Channel.NEWSORG: 'NEWSORG'>)",""
Mohamed Al-Fayed dead at 94 - CNN,https://www.cnn.com/2023/09/01/europe/mohamed-al-fayed-obit-intl/index.html,"Mohamed Al-Fayed, the outspoken Egyptian tycoon who transformed the fortunes of two London institutions, the Harrods department store and Fulham Football Club, and waged a war of words with Britain’s royals after his son was killed in a car crash alongside Di…",2023-09-02T11:07:00.000000,"Source(id='cnn', name='CNN', channel=<Channel.NEWSORG: 'NEWSORG'>)","Mohamed Al-Fayed:PERSON, 94:CARDINAL, CNN:ORG, Mohamed Al-Fayed:PERSON, Egyptian:NORP, two:CARDINAL, London:GPE, Harrods:ORG, Fulham Football Club:ORG, Britain:GPE, Di:ORG"
FIBA World Cup 2023: South Sudan clinch historic Paris 2024 Olympic berth - Olympics,https://olympics.com/en/news/fiba-world-cup-2023-south-sudan-clinch-paris-2024-olympic-berth,A Carlik Jones-inspired 101-78 win over Angola coupled with Egypt's defeat to New Zealand saw basketball's youngest nation qualify for their first Olympic tournament.,2023-09-02T11:05:00.000000,"Source(id=None, name='Olympics.com', channel=<Channel.NEWSORG: 'NEWSORG'>)","World Cup:EVENT, South Sudan:GPE, Paris 2024 Olympic berth - Olympics:EVENT, Carlik Jones:ORG, 101:CARDINAL, Angola:GPE, Egypt:GPE, New Zealand:GPE, first:ORDINAL"
"The early ancestors of humans were reduced to 1300 individuals and came close to extinction, scientists say - Business Insider India",https://www.businessinsider.in/science/news/the-early-ancestors-of-humans-were-reduced-to-1300-individuals-and-came-close-to-extinction-scientists-say/articleshow/103310723.cms,"Early human ancestors faced near-extinction between 800,000 and 900,000 years ago, scientists say.An extreme climate event might have caused the evolutionary",2023-09-02T11:04:00.000000,"Source(id=None, name='Business Insider India', channel=<Channel.NEWSORG: 'NEWSORG'>)","1300:CARDINAL, India:GPE, between 800,000 and 900,000 years ago:CARDINAL"
"Will Cal, Stanford sports face cuts after big sacrifices to join ACC? - San Francisco Chronicle",https://www.sfchronicle.com/sports/college/article/stanford-cal-sports-acc-18343327.php,"Stanford and Cal agreed to take a fraction of TV revenue in order to secure an invite to the ACC, raising questions about the fate of Olympic sports.",2023-09-02T11:03:33.000000,"Source(id=None, name='San Francisco Chronicle', channel=<Channel.NEWSORG: 'NEWSORG'>)","Will Cal:PERSON, Stanford:ORG, ACC:ORG, Stanford:ORG, Cal:PERSON, ACC:ORG"
"2023 NFL rookies guide: Fantasy picks, stat leaders, top QBs - ESPN",https://www.espn.com/nfl/insider/insider/story/_/id/38250637/2023-nfl-rookies-best-fantasy-football-picks-projections,Who will be the top rookies this season? Which ones should you target in fantasy? And who is flying under the radar entering the season?,2023-09-02T11:00:00.000000,"Source(id='espn', name='ESPN', channel=<Channel.NEWSORG: 'NEWSORG'>)","2023:CARDINAL, NFL:ORG, this season:DATE, the season:DATE"
"‘Unpaid digital care work’: Moms shoulder stressful duty, study find - The Washington Post",https://www.washingtonpost.com/wellness/2023/09/02/moms-stress-supervising-kids-online/,"The burden of “unpaid digital care work” was “intense, constant and unyielding, and it takes a physical and emotional toll on mothers,” a small study found.",2023-09-02T10:36:03.000000,"Source(id='the-washington-post', name='The Washington Post', channel=<Channel.NEWSORG: 'NEWSORG'>)",The Washington Post:ORG
"XPoSat: After Moon And Sun, ISRO Ready To Launch Mission To Boost Knowledge Of Astronomy - Jagran English",https://english.jagran.com/india/xposat-after-moon-and-sun-isro-ready-to-launch-mission-to-boost-knowledge-of-astronomy-10097780,The Indian Space Research Organisation ISRO has prepared a mission dedicated to advancing knowledge in the field of astronomy,2023-09-02T10:20:00.000000,"Source(id=None, name='Jagran.com', channel=<Channel.NEWSORG: 'NEWSORG'>)","XPoSat:NORP, Moon:PERSON, Ready To Launch:PERSON, The Indian Space Research Organisation:ORG"
"Video: Gadgets 360 With Technical Guruji: Ask TG [September 2, 2023] - Gadgets 360",https://www.gadgets360.com/videos/gadgets-360-with-technical-guruji-ask-tg-september-2-2023-721726,I keep getting rolling black bars on my phone screen while shooting a video. Is there a problem with my camera and how can I fix this issue? Which smartphone has the best camera for astro-photography? I&#039;m thinking about getting the iPhone 15 when it laun…,2023-09-02T10:05:32.000000,"Source(id=None, name='Gadgets360.com', channel=<Channel.NEWSORG: 'NEWSORG'>)","TG:PERSON, September 2, 2023:DATE"
Maui’s unmanaged invasive grasslands strengthened the Lahaina fires - The Washington Post,https://www.washingtonpost.com/investigations/interactive/2023/lahaina-wildfires-invasive-grass-destruction/,"A Washington Post investigation retraced the fire’s path, revealing that nonnative invasive grasses were key to creating the fast-moving, uncontrollable blaze.",2023-09-02T10:01:06.000000,"Source(id='the-washington-post', name='The Washington Post', channel=<Channel.NEWSORG: 'NEWSORG'>)","Maui:ORG, Lahaina:NORP, The Washington Post:ORG, Washington Post:ORG"
Chandrayaan-3 takes seismic readings from lunar surface - INSIGHTSIAS - Insights IAS,https://www.insightsonindia.com/2023/09/02/chandrayaan-3-takes-seismic-readings-from-lunar-surface/,"Facts for Prelims (FFP)   Source: Hindustan Times    Context: India’s lunar exploration mission, Chandrayaan-3, Vikram lander and Pragyan rover conducted their first in-situ measurements of the lunar surface. The detection of seismic activity, which not only …",2023-09-02T09:45:14.000000,"Source(id=None, name='Insightsonindia.com', channel=<Channel.NEWSORG: 'NEWSORG'>)","Chandrayaan-3:PERSON, FFP:ORG, Hindustan Times:ORG, India:GPE, Vikram:PRODUCT, Pragyan:NORP, first:ORDINAL"
UFC Paris: Fight Day Focus - Ciryl Gane vs Sergey Spivac! - UFC,https://www.youtube.com/watch?v=r9lWBPhrHUY,It's fight day! Heavyweight contender Tom Aspinall joins John Gooden and McKenzie Pavacich in Paris for Fight Day Focus! The team look ahead to tonight's mat...,2023-09-02T09:30:10.000000,"Source(id=None, name='YouTube', channel=<Channel.NEWSORG: 'NEWSORG'>)","UFC Paris::ORG, Focus - Ciryl Gane:ORG, Tom Aspinall:PERSON, John Gooden:PERSON, McKenzie Pavacich:PERSON, Paris:GPE, tonight:TIME"
"High-speed object just crashed into Jupiter, footage shows - Mashable",https://mashable.com/article/jupiter-collision-space-asteroid,A collision hundreds of millions of miles away.,2023-09-02T09:30:00.000000,"Source(id='mashable', name='Mashable', channel=<Channel.NEWSORG: 'NEWSORG'>)","Jupiter:LOC, hundreds of millions of miles:MONEY"
Belt and Road China deal did not bring expected results: Italy Finance Minister - India Today,https://www.indiatoday.in/world/story/italy-fm-belt-and-road-china-deal-did-not-bring-expected-results-2430072-2023-09-02,"Italy's Foreign Minister expressed dissatisfaction with the subpar progress in trade relations between Italy and China, following Italy's participation in Beijing's Belt and Road Initiative four years ago.",2023-09-02T09:20:53.000000,"Source(id=None, name='India Today', channel=<Channel.NEWSORG: 'NEWSORG'>)","Belt and Road China:ORG, Italy:GPE, Today:DATE, Italy:GPE, Italy:GPE, China:GPE, Italy:GPE, Beijing:GPE, Belt and Road Initiative:FAC, four years ago:DATE"
National Nutrition Week 2023: 6 Do's and Don'ts of Kids Nutrition to Follow - India.com,https://www.india.com/health/national-nutrition-week-2023-6-dos-and-donts-of-kids-nutrition-to-follow-6283017/,"Nutrition is pivotal for kids at their budding age. In this exceedingly sedentary lifestyle, it is important to follow certain dos and don'ts.",2023-09-02T09:17:44.000000,"Source(id=None, name='India.com', channel=<Channel.NEWSORG: 'NEWSORG'>)","National Nutrition Week 2023::ORG, 6:CARDINAL"
Who is Tharman Shanmugaratnam? All about Singapore's new Indian-origin president - Times of India,https://timesofindia.indiatimes.com/videos/toi-original/who-is-tharman-shanmugaratnam-all-about-singapores-new-indian-origin-president/videoshow/103306645.cms,"Tharman Shanmugaratnam has assumed the role of Singapore's ninth president, marking a significant milestone in the nation's history. He stands as the third individual of Indian origin to hold this prestigious position, bringing with him a stellar rep",2023-09-02T09:16:01.000000,"Source(id='the-times-of-india', name='The Times of India', channel=<Channel.NEWSORG: 'NEWSORG'>)","Shanmugaratnam:PERSON, Singapore:GPE, Indian:NORP, Times of India:ORG, Shanmugaratnam:GPE, Singapore:GPE, ninth:ORDINAL, third:ORDINAL, Indian:NORP"
Apple to overtake Samsung as the world’s largest smartphone brand: Kuo - The Indian Express,https://indianexpress.com/article/technology/tech-news-technology/apple-to-overtake-samsung-as-the-worlds-largest-smartphone-brand-kuo-8920959/,Samsung's reign as the world's leading phone brand may be coming to an end.,2023-09-02T08:49:34.000000,"Source(id=None, name='The Indian Express', channel=<Channel.NEWSORG: 'NEWSORG'>)","Apple:ORG, Samsung:ORG, Kuo - The Indian Express:PERSON, Samsung:ORG"
"Chandrayaan 3: Rover has moved 100 m from lander, both to be put to ‘sleep’ to withstand night, says ISRO chief - OrissaPOST",https://www.orissapost.com/chandrayaan-3-rover-has-moved-100-m-from-lander-both-to-be-put-to-sleep-to-withstand-night-says-isro-chief/,"Sriharikota: Lunar mission Chandrayaan 3’s rover and lander are functioning well and they would be put to “sleep” soon to withstand the night on the Moon, ISRO Chairman S Somanath said Saturday. The lander and rover, ‘Vikram’ and ‘Pragyaan’, respectively, wer…",2023-09-02T08:22:10.000000,"Source(id=None, name='Orissapost.com', channel=<Channel.NEWSORG: 'NEWSORG'>)","3:CARDINAL, 100:CARDINAL, night:TIME, Sriharikota:PERSON, 3:CARDINAL, the night:TIME, S Somanath:PERSON, Saturday:DATE"
Low water levels reveal dinosaur tracks dating back 110 million years - CNN,https://www.cnn.com/2023/09/02/us/dinosaur-tracks-texas-drought-climate/index.html,"",2023-09-02T08:12:00.000000,"Source(id='cnn', name='CNN', channel=<Channel.NEWSORG: 'NEWSORG'>)","110 million:CARDINAL, CNN:ORG"
Auto sales for August 2023: Here is how Indian auto majors performed - Mint,https://www.livemint.com/companies/news/auto-sales-for-august-2023-from-maruti-to-mahindra-and-mahindra-here-is-how-indian-auto-majors-performed-11693638361000.html,"Indian automakers see increased sales in passenger and commercial vehicles for August, with Maruti Suzuki and Mahindra and Mahindra leading the growth. Tata Motors, however, experienced a decline in sales. Two-wheeler makers TVS Motor Company and Eicher Motor…",2023-09-02T07:37:50.000000,"Source(id=None, name='Livemint', channel=<Channel.NEWSORG: 'NEWSORG'>)","August 2023:DATE, Indian:NORP, Indian:NORP, August:DATE, Maruti Suzuki:PERSON, Mahindra and Mahindra:ORG, Tata Motors:ORG, Two:CARDINAL, TVS Motor Company:ORG, Eicher Motor:ORG"
NASA's SpaceX Crew-6 Departure From Space Station Delayed - SciTechDaily,https://scitechdaily.com/nasas-spacex-crew-6-departure-from-space-station-delayed/,"NASA and SpaceX are standing down from the Saturday, September 2, departure opportunities for the agency’s Crew-6 mission from the International Space Station (ISS) due to unfavorable weather conditions near the splashdown sites off the coast of Florida. NASA…",2023-09-02T07:32:42.000000,"Source(id=None, name='SciTechDaily', channel=<Channel.NEWSORG: 'NEWSORG'>)","NASA:ORG, Crew-6 Departure From Space Station Delayed - SciTechDaily:WORK_OF_ART, NASA:ORG, Saturday, September 2:DATE, Crew-6:PRODUCT, the International Space Station:ORG, Florida:GPE, NASA:ORG"
New Tata Nexon EV spied ahead of launch! Connected DRLs - MotorOctane,https://motoroctane.com/news/260750-new-tata-nexon-ev-spied-ahead-of-launch-connected-drls,"Ahead of the unveiling of the new Nexon EV, we have got the spy shots of the EV version. It reveals some different bits on the car",2023-09-02T06:43:10.000000,"Source(id=None, name='Motoroctane.com', channel=<Channel.NEWSORG: 'NEWSORG'>)","Nexon EV:ORG, EV:ORG"
‘She has strong teeth’: bizarre China thief chews through iPhone security cable - South China Morning Post,https://www.scmp.com/news/people-culture/trending-china/article/3232721/she-has-strong-teeth-woman-china-gnaws-through-anti-theft-cable-bizarre-bid-steal-us960-iphone,A woman in China who chewed her way through an anti-theft cable to steal a US$960 iPhone from a shop display stand has been arrested by police.,2023-09-02T06:00:13.000000,"Source(id=None, name='Post Magazine', channel=<Channel.NEWSORG: 'NEWSORG'>)","China:GPE, China:GPE, 960:MONEY"
Now water-borne disease loom danger to lives in HP: Advisory - United News of India,http://www.uniindia.com/news/north/now-water-borne-disease-loom-danger-to-lives-in-hp-advisory/3042688.html,"Shimla, Sep 2 (UNI) Naturally, calamities reeling from the loss of hundreds of lives and billions of rupees in properties now loom as a new danger in Himachal Pradesh as waterborne dieses are infesting the state, a Advisory issued by the state government heal…",2023-09-02T05:16:00.000000,"Source(id=None, name='Uniindia.com', channel=<Channel.NEWSORG: 'NEWSORG'>)","Advisory - United News of:ORG, India:GPE, hundreds:CARDINAL, billions:CARDINAL, Himachal Pradesh:ORG, Advisory:ORG"
"Shooting at Louisiana high school football game kills 1 person and wounds another, police say - ABC News",https://abcnews.go.com/US/wireStory/shooting-louisiana-high-school-football-game-kills-1-102878811,Police in Louisiana say a shooting during halftime of a high school football game left one victim dead and another wounded,2023-09-02T05:08:23.000000,"Source(id='abc-news', name='ABC News', channel=<Channel.NEWSORG: 'NEWSORG'>)","Louisiana:GPE, 1:CARDINAL, ABC News:ORG, Louisiana:GPE, one:CARDINAL"
AI Weekly Roundup: Google Launches AI Search in India - Analytics Insight,https://www.analyticsinsight.net/ai-weekly-roundup-google-launches-ai-search-in-india/,The end of August marked some major developments in generative artificial intelligence by leading tech companies.,2023-09-02T04:33:21.000000,"Source(id=None, name='Analytics Insight', channel=<Channel.NEWSORG: 'NEWSORG'>)","AI Weekly Roundup:ORG, Launches AI Search:PERSON, India - Analytics Insight:ORG, August:DATE"
Delhi Police Releases FAQs On Traffic Management In View Of G20 Summit - NDTV,https://www.ndtv.com/news,"NDTV.com: India, Business, Bollywood, Cricket, Video and Breaking News",2023-09-02T04:30:37.000000,"Source(id=None, name='NDTV News', channel=<Channel.NEWSORG: 'NEWSORG'>)","Delhi Police Releases FAQs On:ORG, Traffic Management In View Of G20 Summit - NDTV:ORG, India:GPE, Business:GPE, Bollywood:GPE"
Modi-Biden bilateral meet on September 8 ahead of G20 Summit: White House - India Today,https://www.indiatoday.in/india/story/pm-narendra-modi-joe-biden-bilateral-meeting-september-8-white-house-statement-2429961-2023-09-02,"Prime Minister Narendra Modi and US President Joe Biden are set to hold bilateral talks on September 8, on the sidelines of the G20 Summit, the White House announced.",2023-09-02T03:59:56.000000,"Source(id=None, name='India Today', channel=<Channel.NEWSORG: 'NEWSORG'>)","Modi-Biden:ORG, September 8:DATE, G20:ORG, White House - India:ORG, Today:DATE, Narendra Modi:PERSON, US:GPE, Joe Biden:PERSON, September 8:DATE, the G20 Summit:ORG, the White House:ORG"
Twitter Reactions: Mitchell Marsh and Matthew Short power Australia to a T20I series win after the pacers keep South Africa in check - Cricket Times,https://crickettimes.com/2023/09/twitter-reactions-mitchell-marsh-and-matthew-short-power-australia-to-a-t20i-series-win-after-the-pacers-keep-south-africa-in-check/,"The second T20I of the Australia tour of South Africa 2023 witnessed another impressive performance from the Aussies as they clinched an emphatic victory over the Proteas at Kingsmead, Durban on Friday. Australia's dominance continued as they secured an 8-wic…",2023-09-02T03:32:35.000000,"Source(id=None, name='The Cricket Times', channel=<Channel.NEWSORG: 'NEWSORG'>)","Mitchell Marsh:PERSON, Matthew Short:PERSON, Australia:GPE, South Africa:GPE, second:ORDINAL, Australia:GPE, South Africa:GPE, Aussies:FAC, the Proteas at Kingsmead, Durban:WORK_OF_ART, Friday:DATE, Australia:GPE, 8:CARDINAL"
Where did Huawei get the advanced chips for its latest Mate 60 Pro smartphone? - South China Morning Post,https://www.scmp.com/tech/big-tech/article/3233166/while-under-us-sanctions-where-did-huawei-get-advanced-chips-its-latest-mate-60-pro-smartphone,Huawei Technologies has been tight-lipped about the origin of the advanced semiconductor that powers its new Mate 60 Pro flagship smartphone. Here are some possible explanations.,2023-09-02T02:30:09.000000,"Source(id=None, name='Post Magazine', channel=<Channel.NEWSORG: 'NEWSORG'>)","Huawei:ORG, Huawei Technologies:ORG, 60:CARDINAL"
Impact Crater From Russia's Luna 25 Crash Spied by NASA's Lunar Orbiter - SciTechDaily,https://scitechdaily.com/impact-crater-from-russias-luna-25-crash-spied-by-nasas-lunar-orbiter/,"NASA's LRO imaged a new Moon crater, likely the impact site of Russia's Luna 25 mission, which deviated from its intended landing point due to a descent anomaly. NASA’s LRO – the Lunar Reconnaissance Orbiter – spacecraft imaged a new crater on the Moon’s surf…",2023-09-02T02:19:55.000000,"Source(id=None, name='SciTechDaily', channel=<Channel.NEWSORG: 'NEWSORG'>)","Russia:GPE, Luna 25 Crash Spied:FAC, NASA:ORG, Lunar Orbiter - SciTechDaily:ORG, NASA:ORG, LRO:ORG, Moon:PERSON, Russia:GPE, Luna 25:FAC, NASA:ORG, LRO:ORG, Moon:PERSON"
"Quordle 586 answer for September 2: End your gloom and doom! Check Quordle hints, clues, solutions - HT Tech",https://tech.hindustantimes.com/how-to/quordle-586-answer-for-september-2-end-your-gloom-and-doom-check-quordle-hints-clues-solutions-71693618951452.html,"Quordle 586 answer for September 2: Although today’s puzzle is on the easier end, it is never a good idea to be too confident and ignore precious resources. Check Quordle hints, clues and solutions.",2023-09-02T01:51:23.000000,"Source(id=None, name='Hindustan Times', channel=<Channel.NEWSORG: 'NEWSORG'>)","586:CARDINAL, September 2: End:DATE, 586:CARDINAL, September 2:DATE, today:DATE"
How To Play ‘Starfield’ Early Access With Or Without Xbox Game Pass - Forbes,https://www.forbes.com/sites/erikkain/2023/09/01/how-to-play-starfield-early-access-with-or-without-xbox-game-pass/,"Here's how to play Starfield almost a week early, and a neat trick to save money and get into Early Access if you're a Game Pass subscriber.",2023-09-02T01:32:48.000000,"Source(id=None, name='Forbes', channel=<Channel.NEWSORG: 'NEWSORG'>)","Starfield:PERSON, almost a week early:DATE, Early Access:WORK_OF_ART, Game Pass:WORK_OF_ART"
Blue supermoon photos: See images from around the world - The Hill,https://thehill.com/homenews/space/4182095-blue-supermoon-photos-see-images-from-around-the-world/,A rare blue supermoon — the closest full moon of the year — dazzled stargazers Wednesday night.,2023-09-02T01:04:00.000000,"Source(id='the-hill', name='The Hill', channel=<Channel.NEWSORG: 'NEWSORG'>)","moon of the year:DATE, Wednesday:DATE, night:TIME"
Data verify effectiveness of mammography screening among older women - Radiology Business,https://radiologybusiness.com/topics/medical-imaging/womens-imaging/data-verify-effectiveness-mammography-screening-among-older-women,"“The results suggest that mammography screening can be effective in older women, particularly as life expectancy increases,” researchers contend.",2023-09-01T22:30:11.000000,"Source(id=None, name='Radiology Business', channel=<Channel.NEWSORG: 'NEWSORG'>)",""
Lenovo debuts gaming glasses and portal PC handheld - TechCrunch,https://techcrunch.com/2023/09/01/lenovo-debuts-gaming-glasses-and-portal-pc-handheld/,Lenovo debuts are pair of interesting new pieces of gaming gear at IFA 20233: The Legion Go and Legion Glasses.,2023-09-01T21:45:28.000000,"Source(id='techcrunch', name='TechCrunch', channel=<Channel.NEWSORG: 'NEWSORG'>)","TechCrunch:PRODUCT, The Legion Go and Legion Glasses:ORG"
ESC Issues First Comprehensive Cardiomyopathy Guidelines - Medscape,https://www.medscape.com/viewarticle/996083,The European Society of Cardiology has released the first major set of international guidelines to address cardiomyopathies beyond hypertrophic forms.,2023-09-01T20:51:16.000000,"Source(id=None, name='Medscape', channel=<Channel.NEWSORG: 'NEWSORG'>)","Cardiomyopathy Guidelines - Medscape:PERSON, The European Society of Cardiology:ORG, first:ORDINAL"
"Eastern equine encephalitis virus detected in mosquitoes collected in Dudley and Southbridge, Massachusetts - WCVB Boston",https://www.wcvb.com/article/eastern-equine-encephalitis-virus-detected-in-mosquitoes-dudley-southbridge-massachusetts-eee/44975771,The virus was found in mosquitoes collected in two communities.,2023-09-01T15:56:00.000000,"Source(id=None, name='WCVB Boston', channel=<Channel.NEWSORG: 'NEWSORG'>)","Eastern:ORG, Dudley:GPE, Southbridge:GPE, Massachusetts:GPE, two:CARDINAL"
James Webb Space Telescope Captures Stunning View Of Supenova's Expanding Remains - NDTV,https://www.ndtv.com/science/james-webb-space-telescope-captures-stunning-view-of-supenovas-expanding-remains-4349503,Astronomers are fascinated by the discovery as it shows intricate details of what happens when big stars end their days.,2023-09-01T14:36:44.000000,"Source(id=None, name='NDTV News', channel=<Channel.NEWSORG: 'NEWSORG'>)","James Webb Space:PERSON, Expanding Remains - NDTV:PERSON, their days:DATE"
Want to create digital handwritten notes with pen and paper-like experience? Try the Goodnotes app - HT Tech,https://tech.hindustantimes.com/photos/want-to-create-digital-handwritten-notes-with-pen-and-paper-like-experience-try-the-goodnotes-app-71693563996930.html,Switch your note-making process from handwritten to digital with Goodnotes. Check out what the note-taking app offers.,2023-09-01T10:34:03.000000,"Source(id=None, name='Hindustan Times', channel=<Channel.NEWSORG: 'NEWSORG'>)",""
Tecno announces Phantom Ultimate rollable smartphone concept: Here’s how it looks - Times of India,https://timesofindia.indiatimes.com/gadgets-news/tecno-announces-phantom-ultimate-rollable-smartphone-concept-heres-how-it-looks/articleshow/103282575.cms,"Tecno has unveiled its concept video for the Phantom Ultimate, its first rollable smartphone. The device features a 1.2-1.3 second unrolling speed, al",2023-09-01T10:29:00.000000,"Source(id='the-times-of-india', name='The Times of India', channel=<Channel.NEWSORG: 'NEWSORG'>)","Tecno:PERSON, Phantom Ultimate:ORG, Times of India:ORG, Tecno:PERSON, the Phantom Ultimate:ORG, first:ORDINAL, 1.2-1.3:QUANTITY"
[Removed],https://removed.com,[Removed],1970-01-01T00:00:00.000000,"Source(id=None, name='[Removed]', channel=<Channel.NEWSORG: 'NEWSORG'>)",""
"Estimating disparities in breast cancer screening programs towards mortality, case fatality, and DALYs across BRICS-plus - BMC Medicine - BMC Medicine",https://bmcmedicine.biomedcentral.com/articles/10.1186/s12916-023-03004-4,"Background Numerous studies over the past four decades have revealed that breast cancer screening (BCS) significantly reduces breast cancer (BC) mortality. However, in BRICS-plus countries, the association between BCS and BC case fatality and disability are u…",2023-09-01T00:49:48.000000,"Source(id=None, name='Biomedcentral.com', channel=<Channel.NEWSORG: 'NEWSORG'>)","the past four decades:DATE, BCS:ORG, BC:ORG, BCS:ORG, BC:ORG"
How to Buy Ozempic Online Safely in 2023 - Healthline,https://www.healthline.com/nutrition/buy-ozempic-online,"Ozempic may help manage type 2 diabetes, but is also becoming increasingly popular for weight loss, which is an “off-label” use. Clinical trials show that Ozempic's active ingredient, semaglutide, is an effective long-term weight management tool.",2023-09-01T00:11:04.000000,"Source(id=None, name='Healthline', channel=<Channel.NEWSORG: 'NEWSORG'>)","Buy Ozempic Online Safely:ORG, 2023:DATE, 2:CARDINAL, Ozempic:ORG"
[Removed],https://removed.com,[Removed],1970-01-01T00:00:00.000000,"Source(id=None, name='[Removed]', channel=<Channel.NEWSORG: 'NEWSORG'>)",""
"Why auto worker strikes against GM, Ford and Stellantis seem inevitable",https://www.cnbc.com/2023/09/02/uaw-strikes-at-gm-ford-stellantis-seem-inevitable.html,"Prolonged strikes against GM, Ford and Stellantis would be unprecedented and quickly impact the automotive supply chain, U.S. economy and domestic production.",2023-09-02T12:00:01.000000,"Source(id='cnbc-business', name='CNBC Business', channel=<Channel.RSS: 'RSS'>)","GM:ORG, Ford:ORG, Stellantis:ORG, GM:ORG, Ford:ORG, Stellantis:ORG, U.S.:GPE"
Home prices may be on the verge of cooling off,https://www.cnbc.com/2023/09/01/home-prices-rise-in-july-but-may-be-on-the-verge-of-cooling-off.html,"Home prices in July were 2.3% higher than the same month last year, but the monthly gain was lower than historical averages.",2023-09-01T18:03:10.000000,"Source(id='cnbc-business', name='CNBC Business', channel=<Channel.RSS: 'RSS'>)","July:DATE, 2.3%:PERCENT, the same month last year:DATE, monthly:DATE"
"Hollywood sheds 17,000 jobs in August amid ongoing strikes",https://www.cnbc.com/2023/09/01/jobs-report-hollywood-sheds-17000-jobs-in-august-amid-strikes-.html,"The ongoing Writers Guild of America and SAG-AFTRA strikes have resulted in a monthly decrease of 17,000 jobs in Hollywood.",2023-09-01T22:03:38.000000,"Source(id='cnbc-business', name='CNBC Business', channel=<Channel.RSS: 'RSS'>)","Hollywood:GPE, 17,000:CARDINAL, August:DATE, Writers Guild of America:ORG, SAG-AFTRA:ORG, monthly:DATE, 17,000:CARDINAL, Hollywood:GPE"
"When to wear masks as Covid cases rise, new variants emerge in the U.S.",https://www.cnbc.com/2023/09/01/covid-when-to-wear-masks-as-cases-rise-new-variants-emerge-in-us-.html,"The decision to mask depends on a few things: your personal risk level, Covid rates in your region and who you might make contact with, experts say.",2023-09-01T18:37:12.000000,"Source(id='cnbc-business', name='CNBC Business', channel=<Channel.RSS: 'RSS'>)","Covid:PERSON, U.S:GPE, Covid:PERSON"
Charter puts media companies on notice in bid to save pay-TV bundle,https://www.cnbc.com/2023/09/01/charter-puts-media-companies-on-notice-in-bid-to-save-pay-tv-bundle.html,"Charter Communications CEO Chris Winfrey wants to find a way for the pay-TV bundle to live, but content companies have to get on board.",2023-09-01T20:02:27.000000,"Source(id='cnbc-business', name='CNBC Business', channel=<Channel.RSS: 'RSS'>)",Chris Winfrey:PERSON
Horror movies will dominate movie theaters from now until Halloween,https://www.cnbc.com/2023/09/01/horror-movies-dominate-movie-theaters-halloween.html,"Starting this weekend, movie theaters will have a steady stream of jump scares, creepy monsters and gore — and that's great news for the box office.",2023-09-01T17:22:25.000000,"Source(id='cnbc-business', name='CNBC Business', channel=<Channel.RSS: 'RSS'>)","Halloween:DATE, this weekend:DATE, creepy:NORP, gore:PERSON"
Roz Brewer out as Walgreens CEO as company seeks chief with deep health-care experience,https://www.cnbc.com/2023/09/01/walgreens-ceo-roz-brewer-steps-down.html,Walgreens' stock has struggled this year as the company cut its profit expectations and contended with a decline in Covid vaccine and test demand.,2023-09-01T17:40:36.000000,"Source(id='cnbc-business', name='CNBC Business', channel=<Channel.RSS: 'RSS'>)","Roz Brewer:PERSON, Walgreens:PERSON, Walgreens:PERSON, this year:DATE, Covid:PERSON"
"Bezos snubbed Musk's SpaceX for huge satellite launch contract, Amazon shareholder says",https://www.cnbc.com/2023/09/01/bezos-snubbed-musk-spacex-satellite-contract-lawsuit.html,An Amazon shareholder lawsuit alleges the company snubbed SpaceX for satellite launch contracts because of Jeff Bezos'  personal rivalry with Elon Musk.,2023-09-01T16:42:21.000000,"Source(id='cnbc-business', name='CNBC Business', channel=<Channel.RSS: 'RSS'>)","Bezos:PERSON, Musk:PERSON, Amazon:ORG, Amazon:ORG, Jeff Bezos':PERSON, Elon Musk:PERSON"
Taylor Swift Eras Tour concert film is already a blockbuster with historic first-day ticket sales,https://www.cnbc.com/2023/09/01/taylor-swift-eras-tour-concert-film-record-first-day-ticket-sales.html,"In less than 24 hours on the market, ticket sales for Taylor Swift's Eras Tour concert film have broken records.",2023-09-01T18:57:29.000000,"Source(id='cnbc-business', name='CNBC Business', channel=<Channel.RSS: 'RSS'>)","Taylor Swift Eras:PERSON, first-day:DATE, less than 24 hours:TIME, Taylor Swift's:PERSON"
Spectrum owner Charter calls pay-TV model broken as it battles Disney over blackout,https://www.cnbc.com/2023/09/01/disney-charter-battle-over-spectrum-blackout.html,Charter's customers lost access to Disney networks late Thursday as the two companies battle over contract fees and the pay-TV model.,2023-09-01T19:58:34.000000,"Source(id='cnbc-business', name='CNBC Business', channel=<Channel.RSS: 'RSS'>)","Charter:PERSON, Disney:ORG, Disney:ORG, late Thursday:DATE, two:CARDINAL"
FTC allows Amgen to move forward with $27.8 billion Horizon Therapeutics acquisition,https://www.cnbc.com/2023/09/01/ftc-allows-amgen-horizon-therapeutics-deal-to-move-forward.html,"The FTC had filed a lawsuit in May seeking to block the acquisition, arguing that the deal would ""stifle competition"" in the pharmaceutical industry.",2023-09-01T15:54:20.000000,"Source(id='cnbc-business', name='CNBC Business', channel=<Channel.RSS: 'RSS'>)","FTC:ORG, Amgen:ORG, $27.8 billion:MONEY, Horizon Therapeutics:ORG, FTC:ORG, May:DATE"
"UAW president says union has filed unfair labor practice charges against GM, Stellantis over contract talks",https://www.cnbc.com/2023/08/31/uaw-files-nlrb-complaints-against-gm-stellantis-over-contract-talks.html,"The Thursday filings followed the companies not responding to the union's demands in a timely matter, United Auto Workers President Shawn Fain said.",2023-09-01T03:20:25.000000,"Source(id='cnbc-business', name='CNBC Business', channel=<Channel.RSS: 'RSS'>)","UAW:ORG, GM:ORG, Stellantis:ORG, Thursday:DATE, United Auto Workers:ORG, Shawn Fain:PERSON"
Lululemon ups guidance after 'strong' growth in China boosts quarterly sales,https://www.cnbc.com/2023/08/31/lululemon-lulu-earnings-q2-2023.html,"Lululemon raised its full year guidance and saw its sales and profit rise 18% during its most recent quarter, fueled by a 61% boost in China.",2023-08-31T22:12:38.000000,"Source(id='cnbc-business', name='CNBC Business', channel=<Channel.RSS: 'RSS'>)","China:GPE, quarterly:DATE, Lululemon:PERSON, full year:DATE, 18%:PERCENT, most recent quarter:DATE, 61%:PERCENT, China:GPE"
"Hollywood studios should cut Netflix out of strike negotiations, Barry Diller says",https://www.cnbc.com/2023/08/31/barry-diller-hollywood-strikes-netflix.html,Media mogul Barry Diller called on Hollywood studios to make deals and end the writers and actors' strikes.,2023-08-31T21:03:46.000000,"Source(id='cnbc-business', name='CNBC Business', channel=<Channel.RSS: 'RSS'>)","Hollywood:GPE, Netflix:GPE, Barry Diller:PERSON, Barry Diller:PERSON, Hollywood:GPE"
U.S. health officials want to loosen marijuana restrictions. Here's what it means,https://www.cnbc.com/2023/08/31/hhs-wants-to-reclassify-marijuana-what-it-means.html,"If marijuana is downgraded to a Schedule III drug, it could be a huge boost to a struggling industry.",2023-08-31T19:58:35.000000,"Source(id='cnbc-business', name='CNBC Business', channel=<Channel.RSS: 'RSS'>)","U.S.:GPE, marijuana:PERSON, marijuana:PERSON, Schedule III:ORG"
Forget Exorswift: Taylor Swift Eras Tour concert film gets release date to itself as 'Exorcist' moves,https://www.cnbc.com/2023/08/31/taylor-swift-concert-film-new-exorcist-open-same-day.html,"Taylor Swift will have Oct. 13 all to herself, after all, after Universal moved the release date of ""The Exorcist: Believer.""",2023-08-31T21:12:41.000000,"Source(id='cnbc-business', name='CNBC Business', channel=<Channel.RSS: 'RSS'>)","Taylor:PERSON, Taylor Swift:PERSON, Oct. 13:DATE, Universal:ORG, The Exorcist: Believer:WORK_OF_ART"
Autumn arrives earlier than ever for Starbucks and others with pumpkin menu items,https://www.cnbc.com/2023/08/31/starbucks-dunkin-ihop-pumpkin-spice.html,"More restaurants and retailers including Starbucks, Dunkin' Donuts and IHOP are launching their limited-time pumpkin items in August.",2023-08-31T11:00:01.000000,"Source(id='cnbc-business', name='CNBC Business', channel=<Channel.RSS: 'RSS'>)","Autumn:DATE, Starbucks:ORG, Starbucks:ORG, IHOP:GPE, August:DATE"
Ozempic could be the next target of Medicare drug price negotiations – here's why,https://www.cnbc.com/2023/08/31/ozempic-could-face-medicare-drug-price-negotiations-next.html,Wall Street analysts expect Ozempic to be selected for price negotiations in 2025 due to the amount of money Medicare Part D already spends on the drug.,2023-08-31T16:17:18.000000,"Source(id='cnbc-business', name='CNBC Business', channel=<Channel.RSS: 'RSS'>)","Medicare:ORG, 2025:DATE, Medicare:ORG"
Polestar second-quarter loss widens as it ramps up EV deliveries,https://www.cnbc.com/2023/08/31/polestar-psny-earnings-q2-2023.html,"Polestar is still on track to build 60,000 to 70,000 EVs in 2023, with two new models coming in the next several months.",2023-08-31T14:34:19.000000,"Source(id='cnbc-business', name='CNBC Business', channel=<Channel.RSS: 'RSS'>)","second-quarter:DATE, EV:ORG, 60,000:CARDINAL, 2023:DATE, two:CARDINAL, the next several months:DATE"
"HHS calls for easing restrictions on marijuana, sending cannabis stocks higher",https://www.cnbc.com/2023/08/30/hhs-calls-for-easing-marijuana-restrictions.html,"That move could potentially expand the market for cannabis, sending shares of Canopy Growth, Tilray Brands and Cronos Group higher.",2023-08-31T11:47:51.000000,"Source(id='cnbc-business', name='CNBC Business', channel=<Channel.RSS: 'RSS'>)","HHS:ORG, marijuana:ORG, Canopy Growth:ORG, Tilray Brands:ORG, Cronos Group:ORG"
Mark Thompson steps in as next CNN chief,https://www.cnbc.com/2023/08/30/warner-bros-discovery-names-mark-thompson-ceo-cnn.html,Warner Bros. Discovery has appointed Mark Thompson chairman and CEO of CNN a few short months after Chris Licht's ouster.,2023-08-30T17:10:25.000000,"Source(id='cnbc-business', name='CNBC Business', channel=<Channel.RSS: 'RSS'>)","Mark Thompson:PERSON, CNN:ORG, Warner Bros. Discovery:ORG, Mark Thompson:PERSON, CNN:ORG, a few short months:DATE, Chris Licht's:PERSON"
State officials want Shein to prove it doesn't use forced labor before it goes public,https://www.cnbc.com/2023/08/30/shein-faces-scrutiny-over-forced-labor-before-ipo.html,Fast-fashion retailer Shein is facing more scrutiny from elected officials who want the company to independently prove it doesn't use forced labor.,2023-08-30T19:22:42.000000,"Source(id='cnbc-business', name='CNBC Business', channel=<Channel.RSS: 'RSS'>)","Shein:PERSON, Shein:PERSON"
Medicare drug price negotiations may have a muted impact on drugmakers in the near term,https://www.cnbc.com/2023/08/30/medicare-drug-price-negotiations-may-have-muted-impact-on-drugmakers.html,Many of the drugs are already facing strong competition from other branded medications or patent expirations that will open the market to generic alternatives.,2023-08-30T18:44:32.000000,"Source(id='cnbc-business', name='CNBC Business', channel=<Channel.RSS: 'RSS'>)",Medicare:ORG
"Jack Daniel's maker Brown-Forman reports lagging whiskey sales, narrower profit",https://www.cnbc.com/2023/08/30/jack-daniels-maker-brown-forman-bfb-earnings-q1-2024.html,"The company saw some growth across its ready-to-drink and tequila categories, but whiskey sales lagged.",2023-08-30T15:09:29.000000,"Source(id='cnbc-business', name='CNBC Business', channel=<Channel.RSS: 'RSS'>)","Jack Daniel's:ORG, Brown-Forman:ORG"
"Walmart ramps up efforts to grow third-party marketplace with Las Vegas event, new perks",https://www.cnbc.com/2023/08/30/walmart-tries-to-grow-third-party-marketplace-with-las-vegas-event.html,Walmart is chasing more e-commerce sales and has said it will grow profits faster than revenue over the next five years.,2023-09-01T19:10:43.000000,"Source(id='cnbc-business', name='CNBC Business', channel=<Channel.RSS: 'RSS'>)","third:ORDINAL, Las Vegas:GPE, Walmart:ORG, the next five years:DATE"
'Oppenheimer' shows Christopher Nolan is the prestige box office hero Hollywood needs,https://www.cnbc.com/2023/08/29/oppenheimer-shows-christopher-nolans-box-office-dominance.html,"""Oppenheimer"" continues to explode at the box office. It's Christopher Nolan's third-highest grossing domestic release ever.",2023-08-29T20:39:41.000000,"Source(id='cnbc-business', name='CNBC Business', channel=<Channel.RSS: 'RSS'>)","Oppenheimer:ORG, Christopher Nolan:PERSON, Hollywood:GPE, Oppenheimer:ORG, Christopher Nolan's:PERSON, third:ORDINAL"
Lego sales increase while other toy makers struggle,https://www.cnbc.com/2023/08/30/lego-earnings-revenue-rises-in-first-half.html,"While other toy companies have been hammered by a slump in toy demand this year, Lego is one of the few to post positive gains.",2023-08-30T07:00:01.000000,"Source(id='cnbc-business', name='CNBC Business', channel=<Channel.RSS: 'RSS'>)","Lego:ORG, this year:DATE, Lego:PERSON, one:CARDINAL"
Here are the 3 most-used drugs on the Medicare price negotiation list,https://www.cnbc.com/2023/08/29/most-used-drugs-on-medicare-price-negotiation-list-see-the-top-three.html,"The Biden administration unveiled the much-awaited list Tuesday, officially kicking off a process that aims to control rising drug costs in the U.S.",2023-08-29T23:22:41.000000,"Source(id='cnbc-business', name='CNBC Business', channel=<Channel.RSS: 'RSS'>)","3:CARDINAL, Medicare:ORG, Biden:PERSON, Tuesday:DATE, U.S.:GPE"
"Under Armour founder used TV anchor's advice when facing negative coverage, records show",https://www.cnbc.com/2023/08/29/under-armour-founder-kevin-plank-stephanie-ruhle.html,"The Plank-Ruhle relationship included private jet rides and access to confidential company information, according to court filings.",2023-08-29T21:42:19.000000,"Source(id='cnbc-business', name='CNBC Business', channel=<Channel.RSS: 'RSS'>)","Armour:PERSON, The Plank-Ruhle:ORG"
Regional banks face another hit as regulators force them to raise debt levels,https://www.cnbc.com/2023/08/29/regional-banks-to-be-forced-to-raise-debt-in-case-of-failure.html,All American banks with at least $100 billion in assets would be subject to the new requirement.,2023-08-29T19:30:11.000000,"Source(id='cnbc-business', name='CNBC Business', channel=<Channel.RSS: 'RSS'>)","American:NORP, at least $100 billion:MONEY"
Tesla Leads Race to Draw Federal Money for Charging Networks,https://www.wsj.com/articles/tesla-leads-race-to-draw-federal-money-for-charging-networks-85a058dd?mod=pls_whats_news_us_business_f,Elon Musk’s company is beating out rivals to win millions of dollars in grant awards.,2023-09-02T09:30:00.000000,"Source(id='wsj-business', name='The Wall Street Journal Business', channel=<Channel.RSS: 'RSS'>)","Elon Musk’s:PERSON, millions of dollars:MONEY"
"The Man Who Has Detroit, Wall Street and the White House on Edge",https://www.wsj.com/articles/uaw-union-strike-shaw-fain-detroit-president-eb1bdd3f?mod=pls_whats_news_us_business_f,"United Auto Workers President Shawn Fain is throwing out the traditional union playbook and preparing for a strike, possibly against three automakers at once.",2023-09-02T04:02:00.000000,"Source(id='wsj-business', name='The Wall Street Journal Business', channel=<Channel.RSS: 'RSS'>)","Detroit:GPE, the White House:ORG, United Auto Workers:ORG, Shawn Fain:PERSON, three:CARDINAL"
U.S. Arms Makers Look Overseas to Boost Stockpiles,https://www.wsj.com/articles/u-s-arms-makers-look-overseas-to-boost-stockpiles-1e1d6eac?mod=pls_whats_news_us_business_f,"With demand for weapons surging in Ukraine and concerns rising about China, the Pentagon is supporting ‘friend-shoring’ manufacturing lines abroad.",2023-09-02T12:00:00.000000,"Source(id='wsj-business', name='The Wall Street Journal Business', channel=<Channel.RSS: 'RSS'>)","U.S.:GPE, Boost Stockpiles:PERSON, Ukraine:GPE, China:GPE, Pentagon:ORG"
"Spectrum Customers Lose ESPN as U.S. Open, College Football Heat Up",https://www.wsj.com/articles/why-spectrum-customers-cant-watch-the-u-s-open-and-college-football-cfc24af9?mod=pls_whats_news_us_business_f,"Charter Communications subscribers are caught in the middle of a philosophical fight between the cable giant and Disney, parent company of ESPN, ABC and several other networks.",2023-09-01T19:52:00.000000,"Source(id='wsj-business', name='The Wall Street Journal Business', channel=<Channel.RSS: 'RSS'>)","Lose ESPN:PERSON, U.S. Open:ORG, Disney:ORG, ESPN:ORG, ABC:ORG"
Amgen's Deal for Horizon Therapeutics Clears Key Hurdle,https://www.wsj.com/articles/ftc-settles-with-amgen-over-27-8-billion-deal-for-horizon-therapeutics-b96a2d69?mod=pls_whats_news_us_business_f,The Federal Trade Commission said it had agreed to end its legal challenge of the $27.8 billion deal. The pact also dismisses the antitrust claims of six states that joined the FTC in seeking to block the transaction.,2023-09-01T18:55:00.000000,"Source(id='wsj-business', name='The Wall Street Journal Business', channel=<Channel.RSS: 'RSS'>)","Amgen:ORG, Deal for Horizon Therapeutics Clears Key Hurdle:ORG, The Federal Trade Commission:ORG, $27.8 billion:MONEY, six:CARDINAL, FTC:ORG"
Walgreens Chief Executive Steps Down,https://www.wsj.com/articles/walgreens-chief-executive-roz-brewer-steps-down-4fbd1733?mod=pls_whats_news_us_business_f,Rosalind Brewer has stepped down less than three years after taking the helm of the pharmacy operator.,2023-09-01T14:17:00.000000,"Source(id='wsj-business', name='The Wall Street Journal Business', channel=<Channel.RSS: 'RSS'>)","Rosalind Brewer:PERSON, less than three years:DATE"
Stock Funds' 2023 Gain Is Trimmed to 13.7%,https://www.wsj.com/articles/stock-fund-gains-trimmed-6bb617c7?mod=rss_markets_main,"The average U.S.-stock fund declined 2.6% in August, but losses were worse before a late-month advance.",2023-09-03T16:00:00.000000,"Source(id='wsj-markets', name='The Wall Street Journal Markets', channel=<Channel.RSS: 'RSS'>)","2023:DATE, 13.7%:PERCENT, U.S.-stock:ORG, 2.6%:PERCENT, August:DATE, late-month:DATE"
Municipal-Bond Investors Pay a Hefty Price for Not Being Taxed,https://www.wsj.com/articles/municipal-bonds-tax-free-price-74d4bbcf?mod=rss_markets_main,A new study suggests that “investors overvalue the pleasure” of tax-exemption.,2023-09-03T15:00:00.000000,"Source(id='wsj-markets', name='The Wall Street Journal Markets', channel=<Channel.RSS: 'RSS'>)",""
The Disappointing Bet That Could Turn Into the Biggest IPO of the Year,https://www.wsj.com/articles/the-disappointing-bet-that-could-turn-into-the-biggest-ipo-of-the-year-3406c6dc?mod=rss_markets_main,SoftBank’s lofty ambitions for chip maker Arm have fallen short. Now the market is about to issue its verdict on the deal.,2023-09-03T09:30:00.000000,"Source(id='wsj-markets', name='The Wall Street Journal Markets', channel=<Channel.RSS: 'RSS'>)","the Year:DATE, SoftBank:ORG"
Roth vs. Traditional 401(k): Where to Put Your Money for Retirement?,https://www.wsj.com/articles/roth-401k-versus-traditional-retirement-1120bd9f?mod=rss_markets_main,Thousands of companies have added Roth 401(k)s to their retirement plans. Getting the math right is proving tricky.,2023-09-03T01:00:00.000000,"Source(id='wsj-markets', name='The Wall Street Journal Markets', channel=<Channel.RSS: 'RSS'>)","Roth:PERSON, Put Your Money for Retirement:WORK_OF_ART, Thousands:CARDINAL, Roth:PERSON"
Are Leveraged ETFs Worth the Costs and Risk?,https://www.wsj.com/articles/leveraged-etfs-risk-cb95693f?mod=rss_markets_main,"For most fund categories, the answer is yes, according to new research.",2023-09-02T15:00:00.000000,"Source(id='wsj-markets', name='The Wall Street Journal Markets', channel=<Channel.RSS: 'RSS'>)",""
China's Neighbors Shouldn't Cheer On Its Slowdown,https://www.wsj.com/articles/chinas-neighbors-shouldnt-cheer-on-its-slowdown-f55e1860?mod=rss_markets_main,"If China’s economy continues to turn sour, things could start to look uglier for other Asian markets too.",2023-09-02T12:00:00.000000,"Source(id='wsj-markets', name='The Wall Street Journal Markets', channel=<Channel.RSS: 'RSS'>)","China:GPE, China:GPE, Asian:NORP"
Hurricanes and High Yields Come Together on Wall Street,https://www.wsj.com/articles/hurricanes-and-high-yields-come-together-on-wall-street-c7d1cff9?mod=rss_markets_main,Catastrophe bonds are set for record issuance after notching their best first-half performance.,2023-09-02T09:30:00.000000,"Source(id='wsj-markets', name='The Wall Street Journal Markets', channel=<Channel.RSS: 'RSS'>)",first-half:DATE
Parents Have a New Incentive to Fund '529' Plans,https://www.wsj.com/articles/529-plan-ira-parents-216ea4e2?mod=rss_markets_main,"Starting next year, 529 investors will have more flexibility in rolling leftover money into Roth IRAs.",2023-09-02T09:30:00.000000,"Source(id='wsj-markets', name='The Wall Street Journal Markets', channel=<Channel.RSS: 'RSS'>)","a New Incentive to Fund ':ORG, next year:DATE, 529:CARDINAL, Roth:PERSON"
Arm Looks to Target IPO at $50 Billion to $55 Billion Valuation,https://www.wsj.com/articles/arm-looks-to-target-ipo-at-50-55-billion-valuation-85b17011?mod=rss_markets_main,Arm plans to start meeting with prospective investors as early as Tuesday.,2023-09-01T22:33:00.000000,"Source(id='wsj-markets', name='The Wall Street Journal Markets', channel=<Channel.RSS: 'RSS'>)","$50 Billion to $55 Billion:MONEY, as early as Tuesday:DATE"
"Private Equity, Hedge Funds Sue SEC to Fend Off Oversight",https://www.wsj.com/articles/private-equity-hedge-funds-sue-sec-to-fend-off-oversight-345ce372?mod=rss_markets_main,Industry groups launched a court battle to stop SEC rules that would ban certain practices and require fund managers to disclose basic information.,2023-09-01T21:34:00.000000,"Source(id='wsj-markets', name='The Wall Street Journal Markets', channel=<Channel.RSS: 'RSS'>)","Private Equity:ORG, Sue SEC:PERSON, Fend Off Oversight:ORG, SEC:ORG"
Heard on the Street's Stock-Picking Contest,https://www.wsj.com/articles/heard-on-the-streets-stock-picking-contest-bbb58f00?mod=rss_markets_main,Read about our columnists’ most- and least-favorite stocks as they make their choices.,2023-09-01T21:28:00.000000,"Source(id='wsj-markets', name='The Wall Street Journal Markets', channel=<Channel.RSS: 'RSS'>)",""
"The Score: Coinbase, 3M, Best Buy and More Stocks That Defined the Week",https://www.wsj.com/articles/the-score-coinbase-3m-best-buy-dollar-general-60ec4fe2?mod=rss_markets_main,Here are some of the major companies whose stocks moved on the week’s news.,2023-09-01T21:00:00.000000,"Source(id='wsj-markets', name='The Wall Street Journal Markets', channel=<Channel.RSS: 'RSS'>)","Coinbase:CARDINAL, 3:CARDINAL, Best Buy:GPE, the Week:DATE, week:DATE"
Stocks Clinch Weekly Gain Ahead of Labor Day,https://www.wsj.com/articles/stocks-clinch-weekly-gain-ahead-of-labor-day-154560e2?mod=rss_markets_main,August jobs report boosts investor hopes for a Fed rate pause.,2023-09-01T20:46:00.000000,"Source(id='wsj-markets', name='The Wall Street Journal Markets', channel=<Channel.RSS: 'RSS'>)","August:DATE, Fed:ORG"
Everyone's Getting Married---and It's Costing Me a Fortune,https://www.wsj.com/articles/too-many-weddings-cost-c72e6f07?mod=rss_markets_main,"For those of us in our 20s and 30s, weddings can put a huge dent in our budgets. We need to figure out our priorities.",2023-09-01T15:00:00.000000,"Source(id='wsj-markets', name='The Wall Street Journal Markets', channel=<Channel.RSS: 'RSS'>)","Fortune:WORK_OF_ART, our 20s and 30s:DATE"
Jobs or Inflation: Which Will Cool Quicker?,https://www.wsj.com/articles/jobs-or-inflation-which-will-cool-quicker-9b4219b7?mod=rss_markets_main,The economy’s ability to skirt a recession depends on the job market not cracking before the Fed is satisfied its inflation fight is over.,2023-09-01T14:58:00.000000,"Source(id='wsj-markets', name='The Wall Street Journal Markets', channel=<Channel.RSS: 'RSS'>)",Fed:ORG
Where to Find a Deal on Mercedes and BMW,https://www.wsj.com/articles/mercedes-bmw-vw-stocks-german-car-companies-ba4e9a73?mod=rss_markets_main,"The stocks of the car companies have rarely been cheaper, as investors foresee a deep crisis that may never come.",2023-09-01T14:22:00.000000,"Source(id='wsj-markets', name='The Wall Street Journal Markets', channel=<Channel.RSS: 'RSS'>)","Mercedes:ORG, BMW:ORG"
Saudi Arabia's Aramco Considers Selling $50 Billion in Shares,https://www.wsj.com/articles/saudi-arabias-aramco-considers-selling-50-billion-in-shares-4d5e4dd1?mod=rss_markets_main,"The offering, likely on the Riyadh exchange, would be the largest in the history of capital markets. Similar previous plans have fallen through.",2023-09-01T14:14:00.000000,"Source(id='wsj-markets', name='The Wall Street Journal Markets', channel=<Channel.RSS: 'RSS'>)","Saudi Arabia's:GPE, Aramco Considers Selling:ORG, $50 Billion:MONEY, the Riyadh exchange:ORG"
Timely Rains Relieve Some Pressure on Corn-Belt Crops,https://www.wsj.com/articles/timely-rains-relieve-some-pressure-on-corn-belt-crops-27ccff6d?mod=rss_markets_main,Above-normal temperatures and dryness have stressed corn and soybeans as harvesting season approaches.,2023-09-01T14:04:00.000000,"Source(id='wsj-markets', name='The Wall Street Journal Markets', channel=<Channel.RSS: 'RSS'>)",""
Massive Metals Theft Reported at Europe's Largest Copper Producer,https://www.wsj.com/articles/massive-metals-theft-reported-at-europes-largest-copper-producer-51c2b39f?mod=rss_markets_main,"Aurubis said it was the target of a big theft that could result in hundreds of millions of euros in losses, the latest in a string of fraud-related incidents to hit the metals industry.",2023-09-01T11:14:00.000000,"Source(id='wsj-markets', name='The Wall Street Journal Markets', channel=<Channel.RSS: 'RSS'>)","Massive Metals Theft:ORG, Europe:LOC, Largest Copper Producer:EVENT, Aurubis:ORG, hundreds of millions:MONEY"
International Paper Could Unbox a Pleasant Surprise for Investors,https://www.wsj.com/articles/international-paper-could-unbox-a-pleasant-surprise-for-investors-cc2debb0?mod=rss_markets_main,Sustained gains in e-commerce—and a reduced inventory glut—should help the manufacturer.,2023-09-01T11:00:00.000000,"Source(id='wsj-markets', name='The Wall Street Journal Markets', channel=<Channel.RSS: 'RSS'>)",International Paper Could Unbox:ORG
Week Ahead: G20 and Asean summits set to go ahead without Xi,https://www.ft.com/content/a997b862-a835-4096-8db9-eb8a9dccf757,Plus Vladimir Putin and Turkish counterpart Recep Tayyip Erdoğan due to hold talks on reviving grain deal,2023-09-03T17:15:47.000000,"Source(id='ft-companies', name='Financial Times Companies', channel=<Channel.RSS: 'RSS'>)","G20:ORG, Asean:ORG, Xi:PERSON, Vladimir Putin:PERSON, Turkish:NORP, Recep Tayyip Erdoğan:PERSON"
P&O Ferries’ market share eroded by competition from low-cost operators,https://www.ft.com/content/9d4d359d-39f6-42a4-8696-b957a51123b4,The shipping group’s cargo capacity on its routes has fallen sharply,2023-09-03T16:00:47.000000,"Source(id='ft-companies', name='Financial Times Companies', channel=<Channel.RSS: 'RSS'>)",P&O Ferries:ORG
Gabon coup: business as usual,https://www.ft.com/content/b1d9d568-c1ec-4918-989f-a734d05d9a25,Investors may be concerned that companies navigating choppy waters will sail close to the wind,2023-09-03T16:00:47.000000,"Source(id='ft-companies', name='Financial Times Companies', channel=<Channel.RSS: 'RSS'>)",""
China’s battery plant rush raises fears of global squeeze,https://www.ft.com/content/b6038e51-7b5b-4f97-a5da-9202e71562fc,State subsidies follow steel and solar panel playbook in reinforcing race for market share,2023-09-03T12:00:47.000000,"Source(id='ft-companies', name='Financial Times Companies', channel=<Channel.RSS: 'RSS'>)",China:GPE
Law firms become latest battleground in US diversity fight,https://www.ft.com/content/a4dd5adf-d6e8-452d-8ec6-5e7fdacc7a4a,Anti-affirmative action crusader expands his sights after winning landmark case over college admissions,2023-09-03T12:00:47.000000,"Source(id='ft-companies', name='Financial Times Companies', channel=<Channel.RSS: 'RSS'>)",US:GPE
Vivek Ramaswamy’s FDA ‘corruption’ claims disavowed by Roivant,https://www.ft.com/content/e456d3dd-051c-4ce5-a4b7-d866c2294a46,Biotech company rejects founder and Republican presidential hopeful’s criticism of US drug regulator,2023-09-03T12:00:47.000000,"Source(id='ft-companies', name='Financial Times Companies', channel=<Channel.RSS: 'RSS'>)","Vivek Ramaswamy:PERSON, FDA:ORG, Roivant:PERSON, Republican:NORP, US:GPE"
Why are we wasting our limited supply of green hydrogen?,https://www.ft.com/content/6ace5bb0-fbe4-4725-95d2-f7076fbc23b1,"The fuel is being directed towards the industries that don’t need it, rather than the shipping and aviation sectors which do",2023-09-03T11:00:46.000000,"Source(id='ft-companies', name='Financial Times Companies', channel=<Channel.RSS: 'RSS'>)",""
Student housing: dorm storm means young ones are the stung ones,https://www.ft.com/content/43fcc4e1-347e-4844-9f37-64c144f185e0,Insufficient university accommodation reflects problems in the wider buy-to-let sector,2023-09-03T06:00:47.000000,"Source(id='ft-companies', name='Financial Times Companies', channel=<Channel.RSS: 'RSS'>)",""
German business urges help for crisis-hit building industry,https://www.ft.com/content/b82a428e-2031-49b6-8a45-f975252f26f5,"Rising rates, skills shortages and inflation have pushed developers into insolvency",2023-09-03T04:00:09.000000,"Source(id='ft-companies', name='Financial Times Companies', channel=<Channel.RSS: 'RSS'>)",German:NORP
Goldman faces £1mn lawsuit over ‘dysfunctional’ workplace claims,https://www.ft.com/content/1d6ff1ae-061d-40af-bcd8-e447a8205864,The culture at the Wall Street bank’s London office is set to come under scrutiny,2023-09-03T04:00:08.000000,"Source(id='ft-companies', name='Financial Times Companies', channel=<Channel.RSS: 'RSS'>)","Goldman:ORG, 1mn:ORDINAL, London:GPE"
Aldi heads down new aisle with US supermarket shopping spree,https://www.ft.com/content/a5882d13-ae01-4758-9bad-7f942b9b870f,German discounter is moving into more conventional big store territory in a fiercely competitive market,2023-09-03T04:00:08.000000,"Source(id='ft-companies', name='Financial Times Companies', channel=<Channel.RSS: 'RSS'>)","Aldi:PERSON, US:GPE, German:NORP"
"Africa the next ‘growth engine’ for Prudential, says new chief",https://www.ft.com/content/31e842e3-76f7-4794-a142-1bb5ad50f882,FTSE 100 insurer maps out expansion plans after walking away from US and European markets,2023-09-03T04:00:08.000000,"Source(id='ft-companies', name='Financial Times Companies', channel=<Channel.RSS: 'RSS'>)","Africa:LOC, Prudential:ORG, FTSE:ORG, 100:CARDINAL, US:GPE, European:NORP"
"Shorts risks cannibalising core YouTube business, say senior staff",https://www.ft.com/content/c51ce73a-8ae7-4f5e-aa3c-5e24e471cc7b,Concerns raised that TikTok rival is drawing audiences away from the platform’s longer-form videos,2023-09-03T04:00:08.000000,"Source(id='ft-companies', name='Financial Times Companies', channel=<Channel.RSS: 'RSS'>)","Shorts:PERSON, YouTube:ORG, TikTok:ORG"
How the next generation is breaking into company boardrooms,https://www.ft.com/content/99733ad3-d015-44bd-9227-57c65791aa76,More businesses are offering apprenticeships to diversify the pool of future directors,2023-09-03T04:00:08.000000,"Source(id='ft-companies', name='Financial Times Companies', channel=<Channel.RSS: 'RSS'>)",""
St James’s Place business model under scrutiny after fee cut,https://www.ft.com/content/cba1f8bd-1ac0-4203-99e5-3be0e5ae9b42,"As some clients complain about opaque charges, investors worry recent reduction could be just the start",2023-09-03T04:00:08.000000,"Source(id='ft-companies', name='Financial Times Companies', channel=<Channel.RSS: 'RSS'>)",St James’s Place:PERSON
Billionaire founder of Foxconn leaves board to pursue Taiwan presidential bid,https://www.ft.com/content/13c9e04c-f4ce-4fbb-b34f-f2c6a69b1c42,Terry Gou still largest shareholder of world’s biggest iPhone maker,2023-09-03T02:53:13.000000,"Source(id='ft-companies', name='Financial Times Companies', channel=<Channel.RSS: 'RSS'>)","Foxconn:GPE, Taiwan:GPE, Terry Gou:PERSON"
China’s economic slowdown reverberates across Asia,https://www.ft.com/content/ae3c146f-5752-4d04-8a62-d7957a85f542,South Korea mired in longest manufacturing slump since 1970s,2023-09-03T02:00:07.000000,"Source(id='ft-companies', name='Financial Times Companies', channel=<Channel.RSS: 'RSS'>)","China:GPE, Asia:LOC, South Korea:GPE, 1970s:DATE"
Sony takes on Disney and Mukesh Ambani in India with Zee merger,https://www.ft.com/content/483e40ac-b9b8-4e7a-a31d-7e64737e1297,Japanese entertainment powerhouse hopes India’s biggest TV broadcaster can help it repeat previous successes,2023-09-03T02:00:07.000000,"Source(id='ft-companies', name='Financial Times Companies', channel=<Channel.RSS: 'RSS'>)","Sony:ORG, Disney:ORG, Mukesh Ambani:PERSON, India:GPE, Zee:GPE, Japanese:NORP, India:GPE"
Australia revamps hydrogen push to reshape economy,https://www.ft.com/content/02c31621-c524-46c5-809e-ed43ef4e223e,Government intends to offer subsidies to transform industrial towns such as Wollongong,2023-09-03T01:00:07.000000,"Source(id='ft-companies', name='Financial Times Companies', channel=<Channel.RSS: 'RSS'>)","Australia:GPE, Wollongong:PERSON"
UK in talks with Tata Steel over £500mn in green subsidies,https://www.ft.com/content/60f726b8-87de-4752-aae7-62b257ef1122,Britain’s largest steelmaker seeks support for switch to less polluting technology,2023-09-02T17:40:40.000000,"Source(id='ft-companies', name='Financial Times Companies', channel=<Channel.RSS: 'RSS'>)","UK:GPE, Tata Steel:ORG, Britain:GPE"
Magic Leap seeks turnaround as Big Tech invests in augmented reality,https://www.ft.com/content/041ead6f-ecb9-4d6b-8056-5015e6b8be4d,Start-up’s valuation crashed amid poor headset sales but it has gained a competitive edge selling IP around high-tech optics,2023-09-02T13:00:07.000000,"Source(id='ft-companies', name='Financial Times Companies', channel=<Channel.RSS: 'RSS'>)","Magic Leap:PRODUCT, IP:ORG"
‘The Citadel migration’ shaking up Miami’s luxury property market,https://www.ft.com/content/db74ffd6-fc20-4dc8-8816-6b7b65fdfb2f,Relocation of Ken Griffin’s hedge fund from Chicago is driving demand in salubrious suburbs,2023-09-02T12:00:07.000000,"Source(id='ft-companies', name='Financial Times Companies', channel=<Channel.RSS: 'RSS'>)","Miami:GPE, Ken Griffin’s:PERSON, Chicago:GPE"
SoFi to underwrite first big IPO after securing Instacart listing,https://www.ft.com/content/d6e893fa-2e35-4481-a8ce-7b481bcfc99f,San Francisco fintech claimed it was about to break into the market 2½ years ago,2023-09-02T12:00:07.000000,"Source(id='ft-companies', name='Financial Times Companies', channel=<Channel.RSS: 'RSS'>)","SoFi:ORG, first:ORDINAL, IPO:ORG, Instacart:ORG, San Francisco:GPE, 2½ years ago:DATE"
Hollywood strikes take $5bn bite out of California economy,https://www.ft.com/content/447ec409-a50d-4af7-92f2-11bb773389e8,"After 124 days, the studios and unions remain at an impasse",2023-09-02T12:00:07.000000,"Source(id='ft-companies', name='Financial Times Companies', channel=<Channel.RSS: 'RSS'>)","Hollywood:GPE, 5bn:MONEY, California:GPE, 124 days:DATE"
Reviving the German economy,https://www.ft.com/content/1b9fb86b-ce45-4149-85d1-9a9aab31bce9,The ‘sick man of Europe’ label made its debut in 1998 but it seems overdone to apply it today,2023-09-02T10:00:08.000000,"Source(id='ft-companies', name='Financial Times Companies', channel=<Channel.RSS: 'RSS'>)","German:NORP, Europe:LOC, 1998:DATE, today:DATE"
St James’s Place business model under scrutiny after fee cut,https://www.ft.com/content/cba1f8bd-1ac0-4203-99e5-3be0e5ae9b42,"As some clients complain about opaque charges, investors worry recent reduction could be just the start",2023-09-03T04:00:08.000000,"Source(id='ft-personal-finance', name='Financial Times Personal Finance', channel=<Channel.RSS: 'RSS'>)",St James’s Place:PERSON
Gender pension gap to remain for decades without action,https://www.ft.com/content/6b125c5c-eb8a-42dd-b721-34923389ae05,Women caring for children and elderly relatives continues to hit retirement income,2023-09-02T09:01:32.000000,"Source(id='ft-personal-finance', name='Financial Times Personal Finance', channel=<Channel.RSS: 'RSS'>)",decades:DATE
"Investors’ Chronicle: Bunzl, Prudential, PureTech",https://www.ft.com/content/7956eceb-2a6f-4687-9d79-07eb58dbd288,Companies analysis from our sister publication,2023-09-01T17:00:47.000000,"Source(id='ft-personal-finance', name='Financial Times Personal Finance', channel=<Channel.RSS: 'RSS'>)","Bunzl:GPE, Prudential:ORG, PureTech:PRODUCT"
Directors’ Deals: Telecom Plus rings up value,https://www.ft.com/content/0795a6c9-22a5-41bc-86c2-2ed068212ccd,But lower energy prices may hit the group in the medium term,2023-09-01T17:00:47.000000,"Source(id='ft-personal-finance', name='Financial Times Personal Finance', channel=<Channel.RSS: 'RSS'>)",""
Latest savings rates,https://www.ft.com/content/9f46db72-0a1e-42b0-8efe-974a04fa0fc7,Up-to-date deals from banks and building societies,2023-09-01T16:46:20.000000,"Source(id='ft-personal-finance', name='Financial Times Personal Finance', channel=<Channel.RSS: 'RSS'>)",""
Latest Isa rates,https://www.ft.com/content/75ba3055-625c-4cb5-894b-0696a38f5e79,Up-to-date tax-efficient savings deals,2023-09-01T16:43:37.000000,"Source(id='ft-personal-finance', name='Financial Times Personal Finance', channel=<Channel.RSS: 'RSS'>)",Latest Isa:ORG
Latest National Savings & Investments rates,https://www.ft.com/content/68b36b6d-71e7-4f44-bbfb-a202e36603a4,Current rates from the state-owned savings bank,2023-09-01T16:35:53.000000,"Source(id='ft-personal-finance', name='Financial Times Personal Finance', channel=<Channel.RSS: 'RSS'>)",Latest National Savings & Investments:ORG
I’m a bond casualty but I won’t die,https://www.ft.com/content/1af0e5e8-e50e-47d1-910c-b13fd1a5f7bd,In fact the latest data screams ‘more fixed income!’,2023-09-01T13:53:05.000000,"Source(id='ft-personal-finance', name='Financial Times Personal Finance', channel=<Channel.RSS: 'RSS'>)",""
Are you too passive about your passive investments?,https://www.ft.com/content/b5c6e60b-7e69-497e-8355-9507b76a78ad,"If you haven’t reviewed your holdings for a few years, you may be shocked by the fees",2023-09-01T04:00:48.000000,"Source(id='ft-personal-finance', name='Financial Times Personal Finance', channel=<Channel.RSS: 'RSS'>)",a few years:DATE
Options: don’t be a hero — steer clear of zeroes,https://www.ft.com/content/dc255612-f9f0-4708-b3df-39ec8e8b48d2,"Ultra-short contracts, already popular in the US, are now in Europe",2023-09-01T04:00:48.000000,"Source(id='ft-personal-finance', name='Financial Times Personal Finance', channel=<Channel.RSS: 'RSS'>)","US:GPE, Europe:LOC"
Cash buyers wield a new level of power in the property market,https://www.ft.com/content/345ecf9d-c540-4fad-8ca4-a7d62095e63f,"The ability to pay upfront earns preference and price cuts, while those with mortgages go to the back of the queue",2023-09-01T04:00:48.000000,"Source(id='ft-personal-finance', name='Financial Times Personal Finance', channel=<Channel.RSS: 'RSS'>)",""
Prepare to pay more tax whoever wins the election,https://www.ft.com/content/cdd0ac80-e67b-43b6-aee1-b51c58d1ddbb,Taxpayers face a struggle to balance their finances as fiscal screw tightens,2023-09-01T04:00:48.000000,"Source(id='ft-personal-finance', name='Financial Times Personal Finance', channel=<Channel.RSS: 'RSS'>)",""
Home from holiday — but can you get your money back?,https://www.ft.com/content/432c1478-45f4-4d85-b9e8-9b5c132a2c2b,The enforcement of air passenger rights has been off the official radar screen for too long,2023-09-01T04:00:48.000000,"Source(id='ft-personal-finance', name='Financial Times Personal Finance', channel=<Channel.RSS: 'RSS'>)",""
FT Wealth: September,https://www.ft.com/reports/wealth,In this edition: How AI can enhance wealth management performance; wealth managers step up as the Irish economy booms; philanthropists are rewilding unprotected land as their legacy; unique challenges facing winery owners in China; branded residences give the property sector a boost,2023-09-01T03:03:37.000000,"Source(id='ft-personal-finance', name='Financial Times Personal Finance', channel=<Channel.RSS: 'RSS'>)","September:DATE, Irish:NORP, China:GPE"
World’s wealth managers look to Asia in response to shift in global affluence,https://www.ft.com/content/417bed50-361c-4ef4-8aeb-31a11eef8228,Boston Consulting Group report predicts fortunes in Asia will rise faster than the world average,2023-09-01T03:00:48.000000,"Source(id='ft-personal-finance', name='Financial Times Personal Finance', channel=<Channel.RSS: 'RSS'>)","Asia:LOC, Boston Consulting Group:ORG, Asia:LOC"
Would an annuity work for you?,https://www.ft.com/content/92bf17b6-eefe-4e9f-8996-58f7c6619035,"Check your personal circumstances, as what’s right for one person is not for another",2023-08-31T09:55:21.000000,"Source(id='ft-personal-finance', name='Financial Times Personal Finance', channel=<Channel.RSS: 'RSS'>)",one:CARDINAL
"UK pension schemes could save £2bn in fees, research finds",https://www.ft.com/content/bedbe58f-1dde-4c09-9bd8-7d55acdffcbe,Data showing big gaps in investment costs suggests lack of transparency is hitting pension savers,2023-08-31T04:00:35.000000,"Source(id='ft-personal-finance', name='Financial Times Personal Finance', channel=<Channel.RSS: 'RSS'>)","UK:GPE, 2bn:MONEY"
NS&I puts pressure on banks with market-leading 6.2% bond,https://www.ft.com/content/295e3fd5-496d-48c6-817a-9bc1c0dec566,Move comes amid government pressure on deposit-takers to boost offering to savers,2023-08-30T11:59:02.000000,"Source(id='ft-personal-finance', name='Financial Times Personal Finance', channel=<Channel.RSS: 'RSS'>)",6.2%:PERCENT
UK mortgage approvals fall more than expected amid high borrowing costs,https://www.ft.com/content/a77e0bd9-e57f-438b-8c66-9871ffc3cd7d,"Bank of England data shows new deals down 10% between June and July, while consumers cut back on credit",2023-08-30T11:23:22.000000,"Source(id='ft-personal-finance', name='Financial Times Personal Finance', channel=<Channel.RSS: 'RSS'>)","UK:GPE, Bank of England:ORG, 10%:PERCENT, between June and July:DATE"
Why bigger pension funds are better for the UK,https://www.ft.com/content/2bea3268-c73d-45a9-b7b0-cd5c33229466,There might not be a correlation between size and performance but there is a case for consolidation,2023-08-30T04:00:18.000000,"Source(id='ft-personal-finance', name='Financial Times Personal Finance', channel=<Channel.RSS: 'RSS'>)",UK:GPE
What are the complications of buying a house with a friend?,https://www.ft.com/content/24f53698-0698-4c02-9266-51ed8274d8f2,I worry about the potential inheritance of a shared property,2023-08-30T04:00:18.000000,"Source(id='ft-personal-finance', name='Financial Times Personal Finance', channel=<Channel.RSS: 'RSS'>)",""
UK tax change has a knock-on effect on gifts to charities abroad,https://www.ft.com/content/6006c6e1-5033-43d9-b2c5-ad906118e830,EU-based organisations no longer benefit from reliefs after Jeremy Hunt’s Budget,2023-08-30T04:00:18.000000,"Source(id='ft-personal-finance', name='Financial Times Personal Finance', channel=<Channel.RSS: 'RSS'>)","UK:GPE, EU:ORG, Jeremy Hunt’s:PERSON"
"UK house sales set for slowest year since 2012, says Zoopla",https://www.ft.com/content/ec4d1bb5-7a94-451c-bf12-02e97394146d,Research by property portal points to impact of higher borrowing costs on prospective homebuyers,2023-08-29T23:01:50.000000,"Source(id='ft-personal-finance', name='Financial Times Personal Finance', channel=<Channel.RSS: 'RSS'>)","UK:GPE, slowest year:DATE, 2012:DATE"
Investment masterclass: Are bonds back?,https://www.ft.com/content/f10b33aa-e6b4-4e96-a9a5-f9171aab35b5,Everything you wanted to know about investing in bonds but were too afraid to ask,2023-08-29T04:00:28.000000,"Source(id='ft-personal-finance', name='Financial Times Personal Finance', channel=<Channel.RSS: 'RSS'>)",""
Alternative investments lose steam as fundraising slows down,https://www.ft.com/content/798cfce2-4bd0-472e-ae75-b7d34ded70e3,Investor says ‘it’s all changed’ as inflows drop by hundreds of billions of dollars,2023-08-29T04:00:26.000000,"Source(id='ft-personal-finance', name='Financial Times Personal Finance', channel=<Channel.RSS: 'RSS'>)",hundreds of billions of dollars:MONEY
